Country Name,Country Name Domestic,Name,Transcription
Sweden,Sverige,Doris,
Sweden,Sverige,Zelda,
Sweden,Sverige,Elsa,
Sweden,Sverige,Molly,
Sweden,Sverige,Selma,
Sweden,Sverige,Maja,
Sweden,Sverige,Luna,
Sweden,Sverige,Sally,
Sweden,Sverige,Bella,
Sweden,Sverige,Smulan,
Sweden,Sverige,Alice,
Sweden,Sverige,Smilla,
Sweden,Sverige,Saga,
Sweden,Sverige,Siri,
Sweden,Sverige,Svea,
Sweden,Sverige,Sessan,
Sweden,Sverige,Ester,
Sweden,Sverige,Iris,
Sweden,Sverige,Freja,
Sweden,Sverige,Stina,
Sweden,Sverige,Nala,
Sweden,Sverige,Lucy,
Sweden,Sverige,Mimmi,
Sweden,Sverige,Leia,
Sweden,Sverige,Stella,
Sweden,Sverige,Daisy,
Sweden,Sverige,Astrid,
Sweden,Sverige,Skrållan,
Sweden,Sverige,Nova,
Sweden,Sverige,Signe,
Sweden,Sverige,Lilly,
Sweden,Sverige,Lisa,
Sweden,Sverige,Missan,
Sweden,Sverige,Vilda,
Sweden,Sverige,Sigrid,
Sweden,Sverige,Mysan,
Sweden,Sverige,Busan,
Sweden,Sverige,Sotis,
Sweden,Sverige,Mini,
Sweden,Sverige,Cleo,
Sweden,Sverige,Tussan,
Sweden,Sverige,Ninja,
Sweden,Sverige,Lovis,
Sweden,Sverige,Dixie,
Sweden,Sverige,Ronja,
Sweden,Sverige,Majsan,
Sweden,Sverige,Kitty,
Sweden,Sverige,Majken,
Sweden,Sverige,Greta,
Sweden,Sverige,Kiwi,
Sweden,Sverige,Polly,
Sweden,Sverige,My,
Sweden,Sverige,Pepsi,
Sweden,Sverige,Flisan,
Sweden,Sverige,Sonja,
Sweden,Sverige,Tesla,
Sweden,Sverige,Märta,
Sweden,Sverige,Mira,
Sweden,Sverige,Kerstin,
Sweden,Sverige,Chanel,
Sweden,Sverige,Zoe,
Sweden,Sverige,Sara,
Sweden,Sverige,Fiona,
Sweden,Sverige,Ella,
Sweden,Sverige,Sia,
Sweden,Sverige,Tuva,
Sweden,Sverige,Pussel,
Sweden,Sverige,Isa,
Sweden,Sverige,Lola,
Sweden,Sverige,Chili,
Sweden,Sverige,Frida,
Sweden,Sverige,Tess,
Sweden,Sverige,Wilma,
Sweden,Sverige,Pixie,
Sweden,Sverige,Esmeralda,
Sweden,Sverige,Trixie,
Sweden,Sverige,Zoey,
Sweden,Sverige,Nellie,
Sweden,Sverige,Lillan,
Sweden,Sverige,Hilda,
Sweden,Sverige,Lilo,
Sweden,Sverige,Lizzy,
Sweden,Sverige,Kiara,
Sweden,Sverige,Katten,
Sweden,Sverige,Maya,
Sweden,Sverige,Inez,
Sweden,Sverige,Diva,
Sweden,Sverige,Cissi,
Sweden,Sverige,Fia,
Sweden,Sverige,Disa,
Sweden,Sverige,Charlie,
Sweden,Sverige,Vilja,
Sweden,Sverige,Skorpan,
Sweden,Sverige,Pippi,
Sweden,Sverige,Olivia,
Sweden,Sverige,loppan,
Sweden,Sverige,Lo,
Sweden,Sverige,Grace,
Sweden,Sverige,Lea,
Sweden,Sverige,Kattis,
Sweden,Sverige,Sigge,
Sweden,Sverige,Sixten,
Sweden,Sverige,Simba,
Sweden,Sverige,Morris,
Sweden,Sverige,Nisse,
Sweden,Sverige,Tiger,
Sweden,Sverige,Leo,
Sweden,Sverige,Charlie,
Sweden,Sverige,Bosse,
Sweden,Sverige,Findus,
Sweden,Sverige,Sune,
Sweden,Sverige,Zorro,
Sweden,Sverige,Gizmo,
Sweden,Sverige,Ozzy,
Sweden,Sverige,Musse,
Sweden,Sverige,Frasse,
Sweden,Sverige,Svante,
Sweden,Sverige,Måns,
Sweden,Sverige,Harry,
Sweden,Sverige,Elvis,
Sweden,Sverige,Tusse,
Sweden,Sverige,Felix,
Sweden,Sverige,Pelle,
Sweden,Sverige,Max,
Sweden,Sverige,Sture,
Sweden,Sverige,Nemo,
Sweden,Sverige,Blixten,
Sweden,Sverige,Gustav,
Sweden,Sverige,Zimba,
Sweden,Sverige,Bamse,
Sweden,Sverige,Sotis,
Sweden,Sverige,Lucifer,
Sweden,Sverige,Alfons,
Sweden,Sverige,Casper,
Sweden,Sverige,Atlas,
Sweden,Sverige,Zingo,
Sweden,Sverige,Tarzan,
Sweden,Sverige,Pepsi,
Sweden,Sverige,Messi,
Sweden,Sverige,Loke,
Sweden,Sverige,Hugo,
Sweden,Sverige,Mio,
Sweden,Sverige,Enzo,
Sweden,Sverige,Simon,
Sweden,Sverige,Texas,
Sweden,Sverige,Dexter,
Sweden,Sverige,Boris,
Sweden,Sverige,Frans,
Sweden,Sverige,Torsten,
Sweden,Sverige,Olle,
Sweden,Sverige,Kurre,
Sweden,Sverige,Aslan,
Sweden,Sverige,Tyson,
Sweden,Sverige,Milo,
Sweden,Sverige,Batman,
Sweden,Sverige,Zigge,
Sweden,Sverige,Rasmus,
Sweden,Sverige,Bob,
Sweden,Sverige,Ceasar,
Sweden,Sverige,Ludde,
Sweden,Sverige,Silver,
Sweden,Sverige,Stig,
Sweden,Sverige,Sven,
Sweden,Sverige,Pysen,
Sweden,Sverige,Samson,
Sweden,Sverige,Molle,
Sweden,Sverige,Rufus,
Sweden,Sverige,Lakrits,
Sweden,Sverige,Hasse,
Sweden,Sverige,Emil,
Sweden,Sverige,Frank,
Sweden,Sverige,Diesel,
Sweden,Sverige,Bagheera,
Sweden,Sverige,Caesar,
Sweden,Sverige,Teddy,
Sweden,Sverige,Thor,
Sweden,Sverige,Moses,
Sweden,Sverige,Oskar,
Sweden,Sverige,Loki,
Sweden,Sverige,Malte,
Sweden,Sverige,Kasper,
Sweden,Sverige,Milton,
Sweden,Sverige,Allan,
Sweden,Sverige,Eddie,
Sweden,Sverige,Elliot,
Sweden,Sverige,Chili,
Sweden,Sverige,Cesar,
Sweden,Sverige,Trassel,
Sweden,Sverige,Rambo,
Sweden,Sverige,Rocky,
Sweden,Sverige,Nils,
Sweden,Sverige,Otis,
Sweden,Sverige,Gösta,
Sweden,Sverige,Gandalf,
Sweden,Sverige,Lilleman,
Sweden,Sverige,Baloo,
Sweden,Sverige,Zlatan,
Sweden,Sverige,Vincent,
Sweden,Sverige,Turbo,
Sweden,Sverige,Sid,
Sweden,Sverige,Alice,
Sweden,Sverige,Aska,
Sweden,Sverige,Athena,
Sweden,Sverige,Ayla,
Sweden,Sverige,Bella,
Sweden,Sverige,Belle,
Sweden,Sverige,Bibi,
Sweden,Sverige,Bim,
Sweden,Sverige,Bliss,
Sweden,Sverige,CeCe,
Sweden,Sverige,Celine,
Sweden,Sverige,Cissan,
Sweden,Sverige,Dana,
Sweden,Sverige,Diddi,
Sweden,Sverige,Doris,
Sweden,Sverige,Elsa,
Sweden,Sverige,Emma,
Sweden,Sverige,Essa,
Sweden,Sverige,Gina,
Sweden,Sverige,Gosan,
Sweden,Sverige,Hera,
Sweden,Sverige,Hwila,
Sweden,Sverige,Ina,
Sweden,Sverige,Iris,
Sweden,Sverige,Jasmine,
Sweden,Sverige,Juni,
Sweden,Sverige,Lava,
Sweden,Sverige,Leia,
Sweden,Sverige,Lisa,
Sweden,Sverige,Lollo,
Sweden,Sverige,Lyra,
Sweden,Sverige,Karma,
Sweden,Sverige,Kaya,
Sweden,Sverige,Lexi,
Sweden,Sverige,Lucia,
Sweden,Sverige,Luna,
Sweden,Sverige,Lussan,
Sweden,Sverige,Lussi,
Sweden,Sverige,Maja,
Sweden,Sverige,Majsan,
Sweden,Sverige,Mimmi,
Sweden,Sverige,Missan,
Sweden,Sverige,Missy,
Sweden,Sverige,Molly,
Sweden,Sverige,Mysan,
Sweden,Sverige,Nicolina,
Sweden,Sverige,Niki,
Sweden,Sverige,Nova,
Sweden,Sverige,Pasha,
Sweden,Sverige,Pella,
Sweden,Sverige,Pica,
Sweden,Sverige,Pixie,
Sweden,Sverige,Saba,
Sweden,Sverige,Saga,
Sweden,Sverige,Sally,
Sweden,Sverige,Sasha,
Sweden,Sverige,Selma,
Sweden,Sverige,Sessan,
Sweden,Sverige,Smulan,
Sweden,Sverige,Siri,
Sweden,Sverige,Skrållan,
Sweden,Sverige,Smilla,
Sweden,Sverige,Snövit,
Sweden,Sverige,Sommar,
Sweden,Sverige,Stella,
Sweden,Sverige,Stina,
Sweden,Sverige,Stormy,
Sweden,Sverige,Tilia,
Sweden,Sverige,Tingeling,
Sweden,Sverige,Trixie,
Sweden,Sverige,Ursa,
Sweden,Sverige,Ullis,
Sweden,Sverige,Vilda,
Sweden,Sverige,Vilja,
Sweden,Sverige,Vivi,
Sweden,Sverige,Zazza,
Sweden,Sverige,Zelda,
Sweden,Sverige,Zoe,
Sweden,Sverige,Assar,
Sweden,Sverige,Aston,
Sweden,Sverige,Bamse,
Sweden,Sverige,Bonus,
Sweden,Sverige,Bosse,
Sweden,Sverige,Castor,
Sweden,Sverige,Cesar,
Sweden,Sverige,Corax,
Sweden,Sverige,Crux,
Sweden,Sverige,Dante,
Sweden,Sverige,Darcy,
Sweden,Sverige,Dennis,
Sweden,Sverige,Diesel,
Sweden,Sverige,Drutten,
Sweden,Sverige,Elmo,
Sweden,Sverige,Elvis,
Sweden,Sverige,Falco,
Sweden,Sverige,Felix,
Sweden,Sverige,Fenix,
Sweden,Sverige,Findus,
Sweden,Sverige,Frasse,
Sweden,Sverige,Freddy,
Sweden,Sverige,Gizmo,
Sweden,Sverige,Gonzo,
Sweden,Sverige,Habibi,
Sweden,Sverige,Hasse,
Sweden,Sverige,Hubert,
Sweden,Sverige,Husky,
Sweden,Sverige,Husse,
Sweden,Sverige,Hubertus,
Sweden,Sverige,Hero,
Sweden,Sverige,Jack,
Sweden,Sverige,Jaxx,
Sweden,Sverige,Justus,
Sweden,Sverige,Lasse,
Sweden,Sverige,Leo,
Sweden,Sverige,Lego,
Sweden,Sverige,Mandus,
Sweden,Sverige,Max,
Sweden,Sverige,Mingus,
Sweden,Sverige,Morris,
Sweden,Sverige,Moses,
Sweden,Sverige,Musse,
Sweden,Sverige,Måns,
Sweden,Sverige,Nero,
Sweden,Sverige,Nisse,
Sweden,Sverige,Nix,
Sweden,Sverige,Olle,
Sweden,Sverige,Odin,
Sweden,Sverige,Ozzy,
Sweden,Sverige,Peps,
Sweden,Sverige,Pollux,
Sweden,Sverige,Poppe,
Sweden,Sverige,Sigge,
Sweden,Sverige,Simba,
Sweden,Sverige,Sixten,
Sweden,Sverige,Sixtus,
Sweden,Sverige,Sune,
Sweden,Sverige,Spyro,
Sweden,Sverige,Teo,
Sweden,Sverige,Tiger,
Sweden,Sverige,Titus,
Sweden,Sverige,Tusse,
Sweden,Sverige,Tyson,
Sweden,Sverige,Vasco,
Sweden,Sverige,Ville,
Sweden,Sverige,Yoda,
Sweden,Sverige,Ymer,
Sweden,Sverige,Zigge,
Sweden,Sverige,Zorro,
Sweden,Sverige,Ash,
Sweden,Sverige,Alex,
Sweden,Sverige,Ayo,
Sweden,Sverige,Bim,
Sweden,Sverige,Binx,
Sweden,Sverige,Bobbo,
Sweden,Sverige,Bodhi,
Sweden,Sverige,Bönan,
Sweden,Sverige,Charlie,
Sweden,Sverige,Cosmo,
Sweden,Sverige,Danni,
Sweden,Sverige,Deo,
Sweden,Sverige,Fax,
Sweden,Sverige,Femman,
Sweden,Sverige,Fluffis,
Sweden,Sverige,Fuffens,
Sweden,Sverige,Gena,
Sweden,Sverige,Godis,
Sweden,Sverige,Helix,
Sweden,Sverige,Hiro,
Sweden,Sverige,Hollis,
Sweden,Sverige,Isis,
Sweden,Sverige,Indy,
Sweden,Sverige,Izzy,
Sweden,Sverige,Jazz,
Sweden,Sverige,Jaxxy,
Sweden,Sverige,Jinx,
Sweden,Sverige,Jojo,
Sweden,Sverige,Joss,
Sweden,Sverige,Juno,
Sweden,Sverige,Kai,
Sweden,Sverige,Kali,
Sweden,Sverige,Keso,
Sweden,Sverige,Kin,
Sweden,Sverige,Knox,
Sweden,Sverige,Lex,
Sweden,Sverige,Lexie,
Sweden,Sverige,Lotus,
Sweden,Sverige,Lux,
Sweden,Sverige,Lynx,
Sweden,Sverige,Mazarin,
Sweden,Sverige,Mango,
Sweden,Sverige,Ming,
Sweden,Sverige,Mitten,
Sweden,Sverige,Mix,
Sweden,Sverige,Muffin,
Sweden,Sverige,Nacho,
Sweden,Sverige,Neo,
Sweden,Sverige,Ninja,
Sweden,Sverige,Ollie,
Sweden,Sverige,Omega,
Sweden,Sverige,Orion,
Sweden,Sverige,Pax,
Sweden,Sverige,Pepsi,
Sweden,Sverige,Pi,
Sweden,Sverige,Pich,
Sweden,Sverige,Ping,
Sweden,Sverige,Plex,
Sweden,Sverige,Pricken,
Sweden,Sverige,Pyxis,
Sweden,Sverige,Qi,
Sweden,Sverige,Quinn,
Sweden,Sverige,Raz,
Sweden,Sverige,Razzel,
Sweden,Sverige,Rio,
Sweden,Sverige,Sam,
Sweden,Sverige,Sammi,
Sweden,Sverige,Sassy,
Sweden,Sverige,Selah,
Sweden,Sverige,Sheba,
Sweden,Sverige,Shashi,
Sweden,Sverige,Shay,
Sweden,Sverige,Silver,
Sweden,Sverige,Simba,
Sweden,Sverige,Skorpan,
Sweden,Sverige,Smart,
Sweden,Sverige,Sockan,
Sweden,Sverige,Sol,
Sweden,Sverige,Spader,
Sweden,Sverige,Storm,
Sweden,Sverige,Strix,
Sweden,Sverige,Tabby,
Sweden,Sverige,Tass,
Sweden,Sverige,Tassen,
Sweden,Sverige,Tetris,
Sweden,Sverige,Tibby,
Sweden,Sverige,Tippex,
Sweden,Sverige,Trix,
Sweden,Sverige,Vinter,
Sweden,Sverige,Vix,
Sweden,Sverige,Wai,
Sweden,Sverige,Yoshi,
Sweden,Sverige,Yuri,
Sweden,Sverige,Zen,
Sweden,Sverige,Zeng,
Sweden,Sverige,Zion,
Sweden,Sverige,Åskan,
Sweden,Sverige,Älskling,
Sweden,Sverige,Ärtan,
Sweden,Sverige,Öglan,
Sweden,Sverige,Önska,
Spain,España,Abba,
Spain,España,Fofó,
Spain,España,Ginger,
Spain,España,Donald,
Spain,España,Fofito,
Spain,España,Copito,
Spain,España,Clint,
Spain,España,Ella,
Spain,España,Da vinci,
Spain,España,Pitingo,
Spain,España,Chanel,
Spain,España,Capone,
Spain,España,Bosco,
Spain,España,Dalton,
Spain,España,Frida,
Spain,España,Iker,
Spain,España,Romeo,
Spain,España,Figo,
Spain,España,Dooham,
Spain,España,Karim,
Spain,España,Úrsula,
Spain,España,Cobi,
Spain,España,Sacha,
Spain,España,Uma,
Spain,España,Miliki,
Spain,España,Bowie,
Spain,España,Newman,
Spain,España,Audrey,
Spain,España,Bécquer,
Spain,España,Dalí,
Spain,España,Gaby,
Spain,España,Groucho,
Spain,España,Alex,
Spain,España,Charlie,
Spain,España,Coco,
Spain,España,Cosmo,
Spain,España,Felix,
Spain,España,Figaro,
Spain,España,Fluffy,
Spain,España,Gatsby,
Spain,España,Harry,
Spain,España,Jack,
Spain,España,Jasper,
Spain,España,Julius,
Spain,España,Leo,
Spain,España,Lucky,
Spain,España,Luigi,
Spain,España,Max,
Spain,España,Micio,
Spain,España,Milo,
Spain,España,Oliver,
Spain,España,Oreo,
Spain,España,Oscar,
Spain,España,Rocky,
Spain,España,Romeo,
Spain,España,Sammy,
Spain,España,Shadow,
Spain,España,Simon,
Spain,España,Sonny,
Spain,España,Tiger,
Spain,España,Toby,
Spain,España,Tom,
Spain,España,Alice,
Spain,España,Bella,
Spain,España,Briciola,
Spain,España,Chloe,
Spain,España,Daisy,
Spain,España,Eve,
Spain,España,Fiona,
Spain,España,Kiki,
Spain,España,Kitty,
Spain,España,Lady,
Spain,España,Lilly,
Spain,España,Lisa,
Spain,España,Lola,
Spain,España,Lucy,
Spain,España,Luna,
Spain,España,Mia,
Spain,España,Mina,
Spain,España,Molly,
Spain,España,Nala,
Spain,España,Pallina,
Spain,España,Pearl,
Spain,España,Princess,
Spain,España,Rose,
Spain,España,Ruby,
Spain,España,Sissy,
Spain,España,Stella,
Spain,España,Susi,
Spain,España,Trilly,
Spain,España,Xena,
Spain,España,Zelda,
UK,,A BIENTOT,A Bientot
UK,,ABBEY,Abbey
UK,,ABBY,Abby
UK,,ABEL,Abel
UK,,ABERDEEN,Aberdeen
UK,,ABIGAIL,Abigail
UK,,ABNER,Abner
UK,,ABRAHAM,Abraham
UK,,ACE,Ace
UK,,ACES,Aces
UK,,ACHILLES,Achilles
UK,,ACROY,Acroy
UK,,ADAGIO,Adagio
UK,,ADAM,Adam
UK,,ADDAMS,Addams
UK,,ADELAIDE,Adelaide
UK,,ADLAI,Adlai
UK,,ADONIS,Adonis
UK,,AESOP,Aesop
UK,,AFRICA,Africa
UK,,AGATHA,Agatha
UK,,AGGIE,Aggie
UK,,AGNES,Agnes
UK,,AIDA,Aida
UK,,AIKO,Aiko
UK,,AIMEE,Aimee
UK,,AINE,Aine
UK,,AIR CAT,Air Cat
UK,,AJAX,Ajax
UK,,AKBAR,Akbar
UK,,AL CAPONE,Al Capone
UK,,ALABAMA,Alabama
UK,,ALANNA,Alanna
UK,,ALASKA,Alaska
UK,,ALBA,Alba
UK,,ALBEE,Albee
UK,,ALBERT,Albert
UK,,ALBERTA,Alberta
UK,,ALDO,Aldo
UK,,ALECIA,Alecia
UK,,ALFIE,Alfie
UK,,ALI,Ali
UK,,ALICE,Alice
UK,,ALIEN,Alien
UK,,ALLEGRA,Allegra
UK,,ALLEGRO,Allegro
UK,,ALL STAR,All Star
UK,,ALMONDS,Almonds
UK,,ALOHA,Aloha
UK,,ALPHA,Alpha
UK,,ALPINE,Alpine
UK,,ALSATIA,Alsatia
UK,,AMBER,Amber
UK,,AMBROSE,Ambrose
UK,,AMBROSIA,Ambrosia
UK,,AMI,Ami
UK,,AMICUS,Amicus
UK,,AMOS,Amos
UK,,AMTRAK,Amtrak
UK,,AMY,Amy
UK,,ANABELL,Anabell
UK,,ANASTASIA,Anastasia
UK,,ANATOLE,Anatole
UK,,ANDREA,Andrea
UK,,ANDROMEDA,Andromeda
UK,,ANGEL,Angel
UK,,ANGELA,Angela
UK,,ANGELICA,Angelica
UK,,ANGELO,Angelo
UK,,ANGUS,Angus
UK,,ANIKA,Anika
UK,,ANNA,Anna
UK,,ANNABEL,Annabel
UK,,ANNIE OAKLEY,Annie Oakley
UK,,ANTOINETTE,Antoinette
UK,,ANTONIA,Antonia
UK,,ANTONY,Antony
UK,,ANTOS,Antos
UK,,APHRODITE,Aphrodite
UK,,APOLLO,Apollo
UK,,APPLETON,Appleton
UK,,APRIL,April
UK,,APU,Apu
UK,,ARCHIBALD,Archibald
UK,,ARCHIE,Archie
UK,,ARETHA,Aretha
UK,,ARETHUSA,Arethusa
UK,,ARF,Arf
UK,,ARFIE,Arfie
UK,,ARGENT,Argent
UK,,ARGOS,Argos
UK,,ARI,Ari
UK,,ARIA,Aria
UK,,ARIEL,Ariel
UK,,ARISTOTLE,Aristotle
UK,,ARIZONA,Arizona
UK,,ARMANI,Armani
UK,,ARNIE,Arnie
UK,,ARNORLD,Arnorld
UK,,ARPEGGIO,Arpeggio
UK,,ARTEMIS,Artemis
UK,,ARWEN,Arwen
UK,,ASHIKA,Ashika
UK,,ASHLEY,Ashley
UK,,ASHTON,Ashton
UK,,ASIA,Asia
UK,,ASLAN,Aslan
UK,,ASPASIA,Aspasia
UK,,ASTA,Asta
UK,,ASTER,Aster
UK,,ASTERIX,Asterix
UK,,ASTRAEA,Astraea
UK,,ASTRO,Astro
UK,,ATHENA,Athena
UK,,ATLANTIC,Atlantic
UK,,ATLAS,Atlas
UK,,ATOSSA,Atossa
UK,,ATTICUS,Atticus
UK,,ATTILA,Attila
UK,,AUGUST,August
UK,,AUGUSTA,Augusta
UK,,AUGUSTUS,Augustus
UK,,AURORA,Aurora
UK,,AUTUMN,Autumn
UK,,AVALANCHE,Avalanche
UK,,AVALON,Avalon
UK,,AWOL,Awol
UK,,AYESHA,Ayesha
UK,,AZIZA,Aziza
UK,,AZREAL,Azreal
UK,,AZURE,Azure
UK,,AZZUL,Azzul
UK,,BABBIT,Babbit
UK,,BABE,Babe
UK,,BABSY,Babsy
UK,,BABY,Baby
UK,,BABYCAKES,Babycakes
UK,,BABYTAT,Babytat
UK,,BACARDI,Bacardi
UK,,BACCHUS,Bacchus
UK,,BAGGINS,Baggins
UK,,BAGHEERA,Bagheera
UK,,BAGPIPES,Bagpipes
UK,,BAILEY,Bailey
UK,,BALDRICK,Baldrick
UK,,BALDUR,Baldur
UK,,BALI,Bali
UK,,BALI HAI,Bali Hai
UK,,BALKI,Balki
UK,,BALLOU,Ballou
UK,,BALTHAZAR,Balthazar
UK,,BALTO,Balto
UK,,BAMBINO,Bambino
UK,,BAMBOO,Bamboo
UK,,BANSHEE,Banshee
UK,,BANZAI,Banzai
UK,,BARACCA,Baracca
UK,,BARBARELLA,Barbarella
UK,,BARDOT,Bardot
UK,,BARKY,Barky
UK,,BARLEY,Barley
UK,,BARNABY,Barnaby
UK,,BARNEY,Barney
UK,,BARNUM,Barnum
UK,,BART,Bart
UK,,BASHOH,Bashoh
UK,,BASIL,Basil
UK,,BASKER,Basker
UK,,BASKETS,Baskets
UK,,BAST,Bast
UK,,BASTET,Bastet
UK,,BATHSHEBA,Bathsheba
UK,,BATTINA,Battina
UK,,BAUCIS,Baucis
UK,,BAUZEUR,Bauzeur
UK,,BAWDY,Bawdy
UK,,BAZOO,Bazoo
UK,,BEA,Bea
UK,,BEAMER,Beamer
UK,,BEAN,Bean
UK,,BEANIE,Beanie
UK,,BEANS,Beans
UK,,BEAST,Beast
UK,,BEATRICE,Beatrice
UK,,BEATTLE,Beattle
UK,,BEATTLEJUICE,Beattlejuice
UK,,BEATTY,Beatty
UK,,BEAU GESTE,Beau Geste
UK,,BEAUTY,Beauty
UK,,BEBEE,Bebee
UK,,BEBERT,Bebert
UK,,BECKA,Becka
UK,,BEDE,Bede
UK,,BEEBOP,Beebop
UK,,BEEBS,Beebs
UK,,BEELZEBUB,Beelzebub
UK,,BEETHOVEN,Beethoven
UK,,BELLA,Bella
UK,,BELLATRIX,Bellatrix
UK,,BELLE,Belle
UK,,BELUGA,Beluga
UK,,BELVEDERE,Belvedere
UK,,BEMOL,Bemol
UK,,BENGALI,Bengali
UK,,BENSON,Benson
UK,,BENZ,Benz
UK,,BENZO,Benzo
UK,,BEOWULF,Beowulf
UK,,BERGEN,Bergen
UK,,BERLIOZ,Berlioz
UK,,BERNIE,Bernie
UK,,BERTHA,Bertha
UK,,BESSEYA,Besseya
UK,,BESSIE,Bessie
UK,,BETHANY,Bethany
UK,,BIANCA,Bianca
UK,,BIBBERS,Bibbers
UK,,BIG BEN,Big Ben
UK,,BIG DIPPER,Big Dipper
UK,,BIG FOOT,Big Foot
UK,,BIG KAHUNA,Big Kahuna
UK,,BIG MAC,Big Mac
UK,,BILCO,Bilco
UK,,BILLIE JEAN,Billie Jean
UK,,BIMBO,Bimbo
UK,,BING,Bing
UK,,BINGO,Bingo
UK,,BINKLEY,Binkley
UK,,BINKS,Binks
UK,,BISOU,Bisou
UK,,BISS,Biss
UK,,BLACK HAWK,Black Hawk
UK,,BLACKBEARD,Blackbeard
UK,,BLACKBERRY,Blackberry
UK,,BLACKJACK,Blackjack
UK,,BLACKOUT,Blackout
UK,,BLACKY,Blacky
UK,,BLAKE,Blake
UK,,BLANCHE,Blanche
UK,,BLARNEY,Blarney
UK,,BLATHERSKITE,Blatherskite
UK,,BLAZE,Blaze
UK,,BLEA,Blea
UK,,BLINKEN,Blinken
UK,,BLINKY,Blinky
UK,,BLIZZARD,Blizzard
UK,,BLOBCAT,Blobcat
UK,,BLODWIN,Blodwin
UK,,BLONDIE,Blondie
UK,,BLOSSOM,Blossom
UK,,BLUE,Blue
UK,,BLUEBELL,Bluebell
UK,,BLUEGRASS,Bluegrass
UK,,BLUR,Blur
UK,,BOBBIN,Bobbin
UK,,BOBO,Bobo
UK,,BOBTAIL,Bobtail
UK,,BOBWHITE,Bobwhite
UK,,BOCCE,Bocce
UK,,BOGART,Bogart
UK,,BOGEY,Bogey
UK,,BOGIE,Bogie
UK,,BOJANGLES,Bojangles
UK,,BOLLINGER,Bollinger
UK,,BON CHAT,Bon Chat
UK,,BON JOUR,Bon Jour
UK,,BONBON,Bonbon
UK,,BONES,Bones
UK,,BONHOMME,Bonhomme
UK,,BONIFACE,Boniface
UK,,BONITA,Bonita
UK,,BONNIE,Bonnie
UK,,BONZO,Bonzo
UK,,BOOCHIE,Boochie
UK,,BOODLE,Boodle
UK,,BOOFER,Boofer
UK,,BOOGEE,Boogee
UK,,BOOGER,Booger
UK,,BOOMER,Boomer
UK,,BOOMERANG,Boomerang
UK,,BOOMS,Booms
UK,,BOOTS,Boots
UK,,BORGIA,Borgia
UK,,BORIS,Boris
UK,,BOSCO,Bosco
UK,,BOSCOVICH,Boscovich
UK,,BOSTON BLACKIE,Boston Blackie
UK,,BOTITAS,Botitas
UK,,BOUBOULE,Bouboule
UK,,BOUCANE,Boucane
UK,,BOURBON,Bourbon
UK,,BOWIE,Bowie
UK,,BOYCOTT,Boycott
UK,,BRAHMS,Brahms
UK,,BRAINS,Brains
UK,,BRALEY,Braley
UK,,BRANDY,Brandy
UK,,BREMEN,Bremen
UK,,BRENNAN,Brennan
UK,,BREWSKY,Brewsky
UK,,BRIDGET,Bridget
UK,,BRIE,Brie
UK,,BRILLA,Brilla
UK,,BRILLO,Brillo
UK,,BRISTLES,Bristles
UK,,BRITTANY,Brittany
UK,,BROADWAY,Broadway
UK,,BROADWAY JOE,Broadway Joe
UK,,BROCKIE,Brockie
UK,,BRODERICK,Broderick
UK,,BRONTE,Bronte
UK,,BRUCE,Bruce
UK,,BRUNO,Bruno
UK,,BRUNSWICK,Brunswick
UK,,BRUTUS,Brutus
UK,,BRYCE,Bryce
UK,,BUBASTIS,Bubastis
UK,,BUBBA,Bubba
UK,,BUBBLE,Bubble
UK,,BUBBLES,Bubbles
UK,,BUBSTER,Bubster
UK,,BUCCA,Bucca
UK,,BUCKY,Bucky
UK,,BUDABUT,Budabut
UK,,BUDDETTE,Buddette
UK,,BUFF,Buff
UK,,BUFFALO BILL,Buffalo Bill
UK,,BUFFY,Buffy
UK,,BUGGER,Bugger
UK,,BUGNOSE,Bugnose
UK,,BUGS,Bugs
UK,,BUGSY,Bugsy
UK,,BULL,Bull
UK,,BULLSEYE,Bullseye
UK,,BUMBLE,Bumble
UK,,BUMBLEMUFFIN,Bumblemuffin
UK,,BUMSTEAD,Bumstead
UK,,BUNDY,Bundy
UK,,BUNGEE,Bungee
UK,,BUNGLE,Bungle
UK,,BUNKSTERS,Bunksters
UK,,BUNY,Buny
UK,,BUSSETTA,Bussetta
UK,,BUSSY,Bussy
UK,,BUTCH,Butch
UK,,BUTCHKIN,Butchkin
UK,,BUTESKA,Buteska
UK,,BUTTERBUTT,Butterbutt
UK,,BUTTERSCOTCH,Butterscotch
UK,,BUTTONS,Buttons
UK,,BUZBY,Buzby
UK,,BUZZBALLS,Buzzballs
UK,,BYTE,Byte
UK,,CADDIE,Caddie
UK,,CAELIN,Caelin
UK,,CAESAR,Caesar
UK,,CAGNEY,Cagney
UK,,CAICOS,Caicos
UK,,CAJUN,Cajun
UK,,CALAMITY,Calamity
UK,,CALAMITY JANE,Calamity Jane
UK,,CALICALPURNIA,Calicalpurnia
UK,,CALICO,Calico
UK,,CALIE,Calie
UK,,CALIGULA,Caligula
UK,,CALIN,Calin
UK,,CALLAS,Callas
UK,,CALLAWAY,Callaway
UK,,CALVIN,Calvin
UK,,CALYPSO,Calypso
UK,,CALZE,Calze
UK,,CAMBYSES,Cambyses
UK,,CAMEO,Cameo
UK,,CAMERON,Cameron
UK,,CAMILLE,Camille
UK,,CAMMIE,Cammie
UK,,CAMUS,Camus
UK,,CANDIDUS,Candidus
UK,,CANDIS,Candis
UK,,CANUTE,Canute
UK,,CAPONE,Capone
UK,,CAPPUCCINO,Cappuccino
UK,,CAPRI,Capri
UK,,CAPRICE,Caprice
UK,,CAPTAIN,Captain
UK,,CAPTAIN HOOKS,Captain Hooks
UK,,CAPTAIN MARVEL,Captain Marvel
UK,,CARA,Cara
UK,,CARACAL,Caracal
UK,,CARBON,Carbon
UK,,CARLA,Carla
UK,,CARLTON,Carlton
UK,,CARLY,Carly
UK,,CARMEL,Carmel
UK,,CARMELLO,Carmello
UK,,CARMEN,Carmen
UK,,CAROLINE,Caroline
UK,,CAROLUS,Carolus
UK,,CARROTS,Carrots
UK,,CARSON,Carson
UK,,CASANOVA,Casanova
UK,,CASHMIR,Cashmir
UK,,CASPAR,Caspar
UK,,CASPER,Casper
UK,,CASSANDRA,Cassandra
UK,,CASSIDY,Cassidy
UK,,CAT BALLOU,Cat Ballou
UK,,CATALINA,Catalina
UK,,CATASTROPHE,Catastrophe
UK,,CATATONIC,Catatonic
UK,,CATHER,Cather
UK,,CATHERINE,Catherine
UK,,CATILLAC,Catillac
UK,,CATKIN,Catkin
UK,,CATLIN,Catlin
UK,,CATNIP,Catnip
UK,,CATO,Cato
UK,,CATRINA,Catrina
UK,,CATSBY,Catsby
UK,,CATSUP,Catsup
UK,,CATTIA,Cattia
UK,,CATTILA,Cattila
UK,,CATZILLA,Catzilla
UK,,CEASTA,Ceasta
UK,,CECIL,Cecil
UK,,CEDRIC,Cedric
UK,,CELEST,Celest
UK,,CELESTE,Celeste
UK,,CESIUM,Cesium
UK,,CESSIE,Cessie
UK,,CHABLIS,Chablis
UK,,CHALKY,Chalky
UK,,CHAMOIS,Chamois
UK,,CHAMPAGNE,Champagne
UK,,CHAN,Chan
UK,,CHANCE,Chance
UK,,CHANDON,Chandon
UK,,CHANEL,Chanel
UK,,CHANI,Chani
UK,,CHANTELLE,Chantelle
UK,,CHAOS,Chaos
UK,,CHAPLIN,Chaplin
UK,,CHAPS,Chaps
UK,,CHARCOAL,Charcoal
UK,,CHARISE,Charise
UK,,CHARIVARI,Charivari
UK,,CHARLESTON,Charleston
UK,,CHARLIE,Charlie
UK,,CHARLOTTE,Charlotte
UK,,CHARMIAN,Charmian
UK,,CHARMIN,Charmin
UK,,CHARO,Charo
UK,,CHAROLETTE,Charolette
UK,,CHASE,Chase
UK,,CHASER,Chaser
UK,,CHATOOL,Chatool
UK,,CHATTY,Chatty
UK,,CHAVO,Chavo
UK,,CHAZ,Chaz
UK,,CHECKERS,Checkers
UK,,CHECKMATE,Checkmate
UK,,CHEECH,Cheech
UK,,CHEE CHEE,Chee Chee
UK,,CHEEKO,Cheeko
UK,,CHEEKY,Cheeky
UK,,CHEESY,Cheesy
UK,,CHEETO,Cheeto
UK,,CHELO,Chelo
UK,,CHELSEA,Chelsea
UK,,CHEROKEE,Cherokee
UK,,CHESHIRE,Cheshire
UK,,CHESSIE,Chessie
UK,,CHESTER,Chester
UK,,CHEVOUX,Chevoux
UK,,CHEVY,Chevy
UK,,CHEWIE,Chewie
UK,,CHEWY,Chewy
UK,,CHIANG,Chiang
UK,,CHIARA,Chiara
UK,,CHICAGO,Chicago
UK,,CHICKY,Chicky
UK,,CHICO,Chico
UK,,CHILI,Chili
UK,,CHIMICHANGA,Chimichanga
UK,,CHINA,China
UK,,CHINNY,Chinny
UK,,CHIP,Chip
UK,,CHIPIE,Chipie
UK,,CHITCHAT,Chitchat
UK,,CHIVAS,Chivas
UK,,CHLOE,Chloe
UK,,CHOCHIE,Chochie
UK,,CHOCOLATE,Chocolate
UK,,CHOCOPAWS,Chocopaws
UK,,CHOO CHOO,Choo Choo
UK,,CHOOBOO,Chooboo
UK,,CHOPSTICKS,Chopsticks
UK,,CHOW CHOW,Chow Chow
UK,,CHRISSIE,Chrissie
UK,,CHRISTIE,Christie
UK,,CHRYSOBERYL,Chrysoberyl
UK,,CHUBBETTE,Chubbette
UK,,CHUBBS,Chubbs
UK,,CHUCK,Chuck
UK,,CHUCKIE,Chuckie
UK,,CHUCKLES,Chuckles
UK,,CHUMP,Chump
UK,,CHUNKY,Chunky
UK,,CHURCHILL,Churchill
UK,,CHUTNEY,Chutney
UK,,CICI,Cici
UK,,CIGI,Cigi
UK,,CINDERELLA,Cinderella
UK,,CINNABAR,Cinnabar
UK,,CINNAMON,Cinnamon
UK,,CIRA,Cira
UK,,CIRSE,Cirse
UK,,CISCO,Cisco
UK,,CLAIRE,Claire
UK,,CLARA,Clara
UK,,CLARABELLE,Clarabelle
UK,,CLARENCE,Clarence
UK,,CLARIBEL,Claribel
UK,,CLARISSA,Clarissa
UK,,CLARK KENT,Clark Kent
UK,,CLASSY,Classy
UK,,CLAUDE,Claude
UK,,CLAUDIUS,Claudius
UK,,CLAYMORE,Claymore
UK,,CLEMENTINE,Clementine
UK,,CLEO,Cleo
UK,,CLEOPATRA,Cleopatra
UK,,CLIDE,Clide
UK,,CLIFF,Cliff
UK,,CLIFFORD,Clifford
UK,,CLOEY,Cloey
UK,,CLOROX,Clorox
UK,,CLOTHO,Clotho
UK,,CLOUDY,Cloudy
UK,,CLOVER,Clover
UK,,CLOVIS,Clovis
UK,,CLOWIE,Clowie
UK,,CLYDESTER,Clydester
UK,,CLYTIE,Clytie
UK,,COACH,Coach
UK,,COAL,Coal
UK,,COALDUST,Coaldust
UK,,COBBY,Cobby
UK,,COBIE,Cobie
UK,,COCCA,Cocca
UK,,COCO,Coco
UK,,COCOA,Cocoa
UK,,CODY,Cody
UK,,COGNAC,Cognac
UK,,COKE,Coke
UK,,COLETTE,Colette
UK,,COLTRANE,Coltrane
UK,,COLUMBUS,Columbus
UK,,COMET,Comet
UK,,COMPUCAT,Compucat
UK,,CONAN,Conan
UK,,CONFETTI,Confetti
UK,,CONFUCIUS,Confucius
UK,,CONRAD,Conrad
UK,,CONSTANTIA,Constantia
UK,,CONTAC,Contac
UK,,COORS,Coors
UK,,COPERNICUS,Copernicus
UK,,COPPER,Copper
UK,,COPPERTONE,Coppertone
UK,,COQUILLE,Coquille
UK,,CORA,Cora
UK,,CORDELIA,Cordelia
UK,,CORDELIACORKY,Cordeliacorky
UK,,CORINNA,Corinna
UK,,COSINE,Cosine
UK,,COSMIC CREEPERS,Cosmic Creepers
UK,,COSMOS,Cosmos
UK,,COSSACK,Cossack
UK,,COUGAR,Cougar
UK,,COUNT POUNCE,Count Pounce
UK,,COUNTESS,Countess
UK,,COUNTESSA,Countessa
UK,,COUSTEAU,Cousteau
UK,,CRACKERJACK,Crackerjack
UK,,CREAMPUFF,Creampuff
UK,,CREEPER,Creeper
UK,,CREOLA,Creola
UK,,CRESCENDO,Crescendo
UK,,CRICKET,Cricket
UK,,CRISCO,Crisco
UK,,CRITTER,Critter
UK,,CROCKETT,Crockett
UK,,CRUISER,Cruiser
UK,,CRUNCH,Crunch
UK,,CRUNCHY,Crunchy
UK,,CRYSTAL,Crystal
UK,,CUDDLES,Cuddles
UK,,CUEBALL,Cueball
UK,,CUFFY,Cuffy
UK,,CURFEW,Curfew
UK,,CUTIE,Cutie
UK,,CYANN,Cyann
UK,,CYCLOPS,Cyclops
UK,,CYNDAR,Cyndar
UK,,CYNTHIA,Cynthia
UK,,CYRANO,Cyrano
UK,,CYRUS,Cyrus
UK,,D'ACCORD,D'Accord
UK,,DAEDALUS,Daedalus
UK,,DAFFY,Daffy
UK,,DAIQUIRI,Daiquiri
UK,,DAISY,Daisy
UK,,DAISY MAE,Daisy Mae
UK,,DALE,Dale
UK,,DALLAS,Dallas
UK,,DALTON,Dalton
UK,,DAMIAN,Damian
UK,,DAMMIT,Dammit
UK,,DAMOCLEUS,Damocleus
UK,,DANCER,Dancer
UK,,DANDELION,Dandelion
UK,,DANIEL,Daniel
UK,,DANKE,Danke
UK,,DANTE,Dante
UK,,DAPHNE,Daphne
UK,,DARIUS,Darius
UK,,DARKSTAR,Darkstar
UK,,DARLA,Darla
UK,,DARTH VADER,Darth Vader
UK,,DARYL,Daryl
UK,,DASH,Dash
UK,,DASHIELL,Dashiell
UK,,DATA,Data
UK,,DAYTONA,Daytona
UK,,DEANNA,Deanna
UK,,DECATHLON,Decathlon
UK,,DEEBER,Deeber
UK,,DEEDLE,Deedle
UK,,DEIDRE,Deidre
UK,,DEIMOS,Deimos
UK,,DEKA,Deka
UK,,DELERIUM,Delerium
UK,,DELILAH,Delilah
UK,,DELIRIUM,Delirium
UK,,DELIUS,Delius
UK,,DELPHI,Delphi
UK,,DEMIE,Demie
UK,,DEMON,Demon
UK,,DEMPSEY,Dempsey
UK,,DENDY,Dendy
UK,,DENIS,Denis
UK,,DENUEVE,Denueve
UK,,DERBY,Derby
UK,,DEREK,Derek
UK,,DERRY,Derry
UK,,DESCARTES,Descartes
UK,,DESMOND,Desmond
UK,,DESSER,Desser
UK,,DEUCES,Deuces
UK,,DEVIN,Devin
UK,,DEWEY,Dewey
UK,,DEXTER,Dexter
UK,,DEZ,Dez
UK,,DIABLO,Diablo
UK,,DIAMOND,Diamond
UK,,DIANA,Diana
UK,,DIBEY,Dibey
UK,,DICA,Dica
UK,,DICKIE,Dickie
UK,,DICKORY,Dickory
UK,,DIDDLE,Diddle
UK,,DIDGIT,Didgit
UK,,DIESEL,Diesel
UK,,DIGBY,Digby
UK,,DIGGY,Diggy
UK,,DILLON,Dillon
UK,,DIMAG,Dimag
UK,,DINAH,Dinah
UK,,DINGLEHOPPER,Dinglehopper
UK,,DINK,Dink
UK,,DINKEY,Dinkey
UK,,DINKUS,Dinkus
UK,,DIONIS,Dionis
UK,,DIONYSIUS,Dionysius
UK,,DISNEY,Disney
UK,,DITTO,Ditto
UK,,DITZY,Ditzy
UK,,DIVA,Diva
UK,,DIVOT,Divot
UK,,DIXIE,Dixie
UK,,DIZZY,Dizzy
UK,,DOBI,Dobi
UK,,DOCK,Dock
UK,,DOCTOR,Doctor
UK,,DOLL,Doll
UK,,DOLLY,Dolly
UK,,DOMINIQUE,Dominique
UK,,DONNA,Donna
UK,,DONNYBROOK,Donnybrook
UK,,DOOFUS,Doofus
UK,,DORA,Dora
UK,,DORIC,Doric
UK,,DORIS,Doris
UK,,DORSEY,Dorsey
UK,,DOT,Dot
UK,,DOTTIE,Dottie
UK,,DOUGAL,Dougal
UK,,DOUGHNUT,Doughnut
UK,,DOWDIDDIE,Dowdiddie
UK,,DR. PEPPER,Dr. Pepper
UK,,DR. SKAT,Dr. Skat
UK,,DRACULA,Dracula
UK,,DRAGON,Dragon
UK,,DRAGON LADY,Dragon Lady
UK,,DRAINO,Draino
UK,,DRAMA,Drama
UK,,DRAPER,Draper
UK,,DRAVYN,Dravyn
UK,,DRIBBLES,Dribbles
UK,,DRIFTER,Drifter
UK,,DRIFTS,Drifts
UK,,DRIZZLE,Drizzle
UK,,DROOL,Drool
UK,,DRUSILLA,Drusilla
UK,,DUCHESS,Duchess
UK,,DUDE,Dude
UK,,DUDLEY,Dudley
UK,,DUEY,Duey
UK,,DUFUS,Dufus
UK,,DUGOUT,Dugout
UK,,DUKE,Duke
UK,,DUMDUM,Dumdum
UK,,DUMPLING,Dumpling
UK,,DUNCAN,Duncan
UK,,DUNDEE,Dundee
UK,,DUNKA,Dunka
UK,,DUNNO,Dunno
UK,,DUOTONE,Duotone
UK,,DUPONT,Dupont
UK,,DURIN,Durin
UK,,DUSK,Dusk
UK,,DUSTY,Dusty
UK,,DWEEBA,Dweeba
UK,,DWEEZIL,Dweezil
UK,,DYLAN,Dylan
UK,,E.T.,E.T.
UK,,EAMON,Eamon
UK,,EARL,Earl
UK,,EARL GRAY,Earl Gray
UK,,EARTHA,Eartha
UK,,EBAN,Eban
UK,,EBERHARD,Eberhard
UK,,EBONY,Ebony
UK,,ECHO,Echo
UK,,ECLIPSE,Eclipse
UK,,EDDY,Eddy
UK,,EDGAR,Edgar
UK,,EDHESSA,Edhessa
UK,,EDISON,Edison
UK,,EDITH,Edith
UK,,EDMUNDA,Edmunda
UK,,EDMUNDO,Edmundo
UK,,EDSEL,Edsel
UK,,EDSELETTA,Edseletta
UK,,EDWARD,Edward
UK,,EGGROLL,Eggroll
UK,,EGON,Egon
UK,,EGYPT,Egypt
UK,,EI KAN,Ei Kan
UK,,EINSTEIN,Einstein
UK,,EL TORO,El Toro
UK,,ELBA,Elba
UK,,ELBEE,Elbee
UK,,ELECTRA,Electra
UK,,ELENI,Eleni
UK,,ELIAN,Elian
UK,,ELIJAH,Elijah
UK,,ELIOT,Eliot
UK,,ELIOTTE,Eliotte
UK,,ELIZA,Eliza
UK,,ELIZABETH,Elizabeth
UK,,ELLA,Ella
UK,,ELLEN,Ellen
UK,,ELLIE,Ellie
UK,,ELLIE MAE,Ellie Mae
UK,,ELMAR,Elmar
UK,,ELMO,Elmo
UK,,ELMYRA,Elmyra
UK,,ELRIC,Elric
UK,,ELROY,Elroy
UK,,ELSA,Elsa
UK,,ELSIE,Elsie
UK,,ELTIE,Eltie
UK,,ELVIS,Elvis
UK,,ELWAY,Elway
UK,,ELWOOD,Elwood
UK,,EMBER,Ember
UK,,EMERALD,Emerald
UK,,EMERSON,Emerson
UK,,EMIL,Emil
UK,,EMILY,Emily
UK,,EMMA,Emma
UK,,EMMETT,Emmett
UK,,EMO,Emo
UK,,EMPERIOR,Emperior
UK,,ENCORE,Encore
UK,,ENDER,Ender
UK,,ENDYMION,Endymion
UK,,ENTERPRISE,Enterprise
UK,,ENZO,Enzo
UK,,EPHELIA,Ephelia
UK,,EQUIANO,Equiano
UK,,ERIS,Eris
UK,,ERNESTINE,Ernestine
UK,,ERRATA,Errata
UK,,ERROL,Errol
UK,,ESMERALDA,Esmeralda
UK,,ESTEE,Estee
UK,,ESTHER,Esther
UK,,EUCLID,Euclid
UK,,EUNICE,Eunice
UK,,EUREKA,Eureka
UK,,EURYPIDES,Eurypides
UK,,EVENRUDE,Evenrude
UK,,EVER,Ever
UK,,EVEREST,Everest
UK,,EXCALIBUR,Excalibur
UK,,EXODUS,Exodus
UK,,EXPRESSO,Expresso
UK,,EYORE,Eyore
UK,,FABLE,Fable
UK,,FAFNIR,Fafnir
UK,,FAGAN,Fagan
UK,,FAGIN,Fagin
UK,,FAIRFAX,Fairfax
UK,,FAIRY,Fairy
UK,,FALA,Fala
UK,,FALAFEL,Falafel
UK,,FANCY,Fancy
UK,,FANNY,Fanny
UK,,FANTASIA,Fantasia
UK,,FARFEL,Farfel
UK,,FAROUK,Farouk
UK,,FAT CAT,Fat Cat
UK,,FATHER GOTTO,Father Gotto
UK,,FATOUCHE,Fatouche
UK,,FAUNA,Fauna
UK,,FAUNTLEROY,Fauntleroy
UK,,FAUSTUS,Faustus
UK,,FAWN,Fawn
UK,,FAX,Fax
UK,,FAYD,Fayd
UK,,FEATHER,Feather
UK,,FEFE,Fefe
UK,,FEIFFER,Feiffer
UK,,FELA,Fela
UK,,FELES,Feles
UK,,FELICE,Felice
UK,,FELICIA,Felicia
UK,,FELICITY,Felicity
UK,,FELIS,Felis
UK,,FELISHA,Felisha
UK,,FELIX,Felix
UK,,FENNEL,Fennel
UK,,FENWAY,Fenway
UK,,FERGIE,Fergie
UK,,FEROSCIA,Feroscia
UK,,FERRARI,Ferrari
UK,,FERRET,Ferret
UK,,FERRIS,Ferris
UK,,FERUS,Ferus
UK,,FESTUS,Festus
UK,,FETTUCINE,Fettucine
UK,,FEZ,Fez
UK,,FEZZIK,Fezzik
UK,,FICKEL,Fickel
UK,,FIDEL,Fidel
UK,,FIDO,Fido
UK,,FIGARO,Figaro
UK,,FILA,Fila
UK,,FILBERT,Filbert
UK,,FILLMORE,Fillmore
UK,,FIMO,Fimo
UK,,FINGERS,Fingers
UK,,FINIAN,Finian
UK,,FINN,Finn
UK,,FINNEGAN,Finnegan
UK,,FIREBALL,Fireball
UK,,FIRECRACKER,Firecracker
UK,,FIREFLY,Firefly
UK,,FIRENZE,Firenze
UK,,FISBY,Fisby
UK,,FITZIEPIE,Fitziepie
UK,,FITZPATRICK,Fitzpatrick
UK,,FIZZGIG,Fizzgig
UK,,FIZZIE,Fizzie
UK,,FLAPJACKS,Flapjacks
UK,,FLARE,Flare
UK,,FLASH,Flash
UK,,FLEA,Flea
UK,,FLEDERMAUS,Fledermaus
UK,,FLICKA,Flicka
UK,,FLICKS,Flicks
UK,,FLOPSY,Flopsy
UK,,FLORA,Flora
UK,,FLORIDA,Florida
UK,,FLOWER,Flower
UK,,FLOWERBELLE,Flowerbelle
UK,,FLOYDEAN,Floydean
UK,,FLUBBERTY,Flubberty
UK,,FLUFF FLUFFY,Fluff Fluffy
UK,,FLUFFERS,Fluffers
UK,,FLUFFLY,Fluffly
UK,,FLUKE,Fluke
UK,,FLURRIES,Flurries
UK,,FOGGY,Foggy
UK,,FONTANA,Fontana
UK,,FONZI,Fonzi
UK,,FONZIE,Fonzie
UK,,FORBES,Forbes
UK,,FOREST,Forest
UK,,FORREST,Forrest
UK,,FOSBURY,Fosbury
UK,,FOSGATE,Fosgate
UK,,FOSS,Foss
UK,,FOXYROXY,Foxyroxy
UK,,FOZZY,Fozzy
UK,,FRACAS,Fracas
UK,,FRAIDY,Fraidy
UK,,FRANCHISE,Franchise
UK,,FRANCIS,Francis
UK,,FRANK,Frank
UK,,FRANKIE,Frankie
UK,,FRANKLIN,Franklin
UK,,FRANNIE,Frannie
UK,,FRASIER,Frasier
UK,,FRAZZEL,Frazzel
UK,,FREAK,Freak
UK,,FREAKIE,Freakie
UK,,FRECKLE,Freckle
UK,,FREDERIKA,Frederika
UK,,FREEDA,Freeda
UK,,FREIDA,Freida
UK,,FRERE,Frere
UK,,FRESCA,Fresca
UK,,FRESNO,Fresno
UK,,FREYA,Freya
UK,,FREYDIS,Freydis
UK,,FRIDAY,Friday
UK,,FRIDOLIN,Fridolin
UK,,FRIMBO,Frimbo
UK,,FRINGER,Fringer
UK,,FRISBEE,Frisbee
UK,,FRISCO,Frisco
UK,,FRITZ,Fritz
UK,,FRITZI,Fritzi
UK,,FROSTER,Froster
UK,,FROSTY,Frosty
UK,,FRUIT,Fruit
UK,,FRUITCAKE,Fruitcake
UK,,FRUITLOOP,Fruitloop
UK,,FUDGE,Fudge
UK,,FUDGIE,Fudgie
UK,,FUGAZI,Fugazi
UK,,FUM,Fum
UK,,FUMBLES,Fumbles
UK,,FUNNY,Funny
UK,,FUNTIME,Funtime
UK,,FURBALL,Furball
UK,,FURLONG,Furlong
UK,,FURRBALL,Furrball
UK,,FURRPURR,Furrpurr
UK,,FUSSER,Fusser
UK,,FUZZBUTT,Fuzzbutt
UK,,FUZZMUZZ,Fuzzmuzz
UK,,FUZZY,Fuzzy
UK,,GABBIE,Gabbie
UK,,GABIN,Gabin
UK,,GABLE,Gable
UK,,GABRIEL,Gabriel
UK,,GABRIELLA,Gabriella
UK,,GABRIELLE,Gabrielle
UK,,GADGET,Gadget
UK,,GAGETA,Gageta
UK,,GALAHAD,Galahad
UK,,GALOOLI,Galooli
UK,,GAMIEL,Gamiel
UK,,GAMIN,Gamin
UK,,GAMMA,Gamma
UK,,GANDOLF,Gandolf
UK,,GANDY,Gandy
UK,,GANGWAY,Gangway
UK,,GANYMEDE,Ganymede
UK,,GARBO,Garbo
UK,,GARETH,Gareth
UK,,GARF,Garf
UK,,GARFIELD,Garfield
UK,,GARFUNKLE,Garfunkle
UK,,GARFY,Garfy
UK,,GARGANTUA,Gargantua
UK,,GARRICK,Garrick
UK,,GARRISON,Garrison
UK,,GARTH,Garth
UK,,GATOR,Gator
UK,,GAVIN,Gavin
UK,,GAWAIN,Gawain
UK,,GAYLORD,Gaylord
UK,,GAZORK,Gazork
UK,,GEEBEE,Geebee
UK,,GEENER,Geener
UK,,GEESHA,Geesha
UK,,GEHENNA,Gehenna
UK,,GEISHA,Geisha
UK,,GEMBLES,Gembles
UK,,GEMINI,Gemini
UK,,GENEVA,Geneva
UK,,GENGHIS,Genghis
UK,,GENOVA,Genova
UK,,GEORGE,George
UK,,GEORGIA,Georgia
UK,,GERDA,Gerda
UK,,GERTY,Gerty
UK,,GHOST,Ghost
UK,,GIACONDA,Giaconda
UK,,GIANT,Giant
UK,,GIB,Gib
UK,,GIBB,Gibb
UK,,GIDGET,Gidget
UK,,GIGIO,Gigio
UK,,GIGOLO,Gigolo
UK,,GILBERT,Gilbert
UK,,GILGAMESH,Gilgamesh
UK,,GILLIGAN,Gilligan
UK,,GIMLET,Gimlet
UK,,GIMP,Gimp
UK,,GIN GIN,Gin Gin
UK,,GINGER,Ginger
UK,,GINGERSNAP,Gingersnap
UK,,GINK,Gink
UK,,GINKO,Ginko
UK,,GINNIE,Ginnie
UK,,GISELLE,Giselle
UK,,GIZA,Giza
UK,,GIZMO,Gizmo
UK,,GIZZY,Gizzy
UK,,GLACIAL,Glacial
UK,,GLACIER,Glacier
UK,,GLADSTONE,Gladstone
UK,,GLAISH,Glaish
UK,,GLITTER,Glitter
UK,,GLORIA,Gloria
UK,,GLOVES,Gloves
UK,,GLOWY,Glowy
UK,,GOBLIN,Goblin
UK,,GODIVA,Godiva
UK,,GODOT,Godot
UK,,GODZILLA,Godzilla
UK,,GOETTA,Goetta
UK,,GOLDEAN BEAR,Goldean Bear
UK,,GOLDIE,Goldie
UK,,GOLDILOCKS,Goldilocks
UK,,GOLDRUSH,Goldrush
UK,,GOLIATH,Goliath
UK,,GONZO,Gonzo
UK,,GOOBER,Goober
UK,,GOOBS,Goobs
UK,,GOODIE,Goodie
UK,,GOODYEAR,Goodyear
UK,,GOOGLY,Googly
UK,,GOOLAGONG,Goolagong
UK,,GORBY,Gorby
UK,,GORKY,Gorky
UK,,GOUSTAV,Goustav
UK,,GRACIE,Gracie
UK,,GRACIUS,Gracius
UK,,GRANPA MOSES,Granpa Moses
UK,,GRANT,Grant
UK,,GRAPES,Grapes
UK,,GRAVEDANCER,Gravedancer
UK,,GRAYBOY,Grayboy
UK,,GREEDIGUT,Greedigut
UK,,GREEDY,Greedy
UK,,GREENY,Greeny
UK,,GREGARIUS,Gregarius
UK,,GRETA,Greta
UK,,GRETCHEC,Gretchec
UK,,GRETZKY,Gretzky
UK,,GREYMALKIN,Greymalkin
UK,,GREYSTOCK,Greystock
UK,,GRIMALKIN,Grimalkin
UK,,GRINGO,Gringo
UK,,GRISELDA,Griselda
UK,,GRIZABELLA,Grizabella
UK,,GRIZELDA,Grizelda
UK,,GRIZZLE,Grizzle
UK,,GROMIT,Gromit
UK,,GRONK,Gronk
UK,,GROTTON,Grotton
UK,,GROUCHO,Groucho
UK,,GROWLTIGER,Growltiger
UK,,GRUBLETTE,Grublette
UK,,GRUESOME,Gruesome
UK,,GRUMPCAT,Grumpcat
UK,,GRUMPY,Grumpy
UK,,GRUNDY,Grundy
UK,,GUCCI,Gucci
UK,,GUIDO,Guido
UK,,GUINEVERE,Guinevere
UK,,GUINNESS,Guinness
UK,,GULLIVER,Gulliver
UK,,GUMBO,Gumbo
UK,,GUMMO,Gummo
UK,,GUMSHOE,Gumshoe
UK,,GUNNER,Gunner
UK,,GUS,Gus
UK,,GUSS,Guss
UK,,GUSTAV,Gustav
UK,,GWEN,Gwen
UK,,GWENDOLYN,Gwendolyn
UK,,GYGES,Gyges
UK,,GYPSY,Gypsy
UK,,HADES,Hades
UK,,HADRON,Hadron
UK,,HAGAR,Hagar
UK,,HAIKU,Haiku
UK,,HAILE,Haile
UK,,HAIRBALL,Hairball
UK,,HAIRY NETT,Hairy Nett
UK,,HALCYON,Halcyon
UK,,HALF HITCH,Half Hitch
UK,,HALLEY,Halley
UK,,HAMADRYAD,Hamadryad
UK,,HAMISH,Hamish
UK,,HAMLET,Hamlet
UK,,HAMMURABI,Hammurabi
UK,,HANABLE,Hanable
UK,,HANDEL,Handel
UK,,HANDYMAN,Handyman
UK,,HANIBAL,Hanibal
UK,,HANK,Hank
UK,,HANS,Hans
UK,,HANTU,Hantu
UK,,HAPPY,Happy
UK,,HARISSA,Harissa
UK,,HARLOW,Harlow
UK,,HARMONY,Harmony
UK,,HAROLD,Harold
UK,,HARPER,Harper
UK,,HARPO,Harpo
UK,,HARRIGAN,Harrigan
UK,,HARRY,Harry
UK,,HARVARD,Harvard
UK,,HARVEY,Harvey
UK,,HASHISH,Hashish
UK,,HASIE,Hasie
UK,,HATCAT,Hatcat
UK,,HAWEYE,Haweye
UK,,HAWKEYE,Hawkeye
UK,,HAYLEY,Hayley
UK,,HAZEL,Hazel
UK,,HEATHCLIFF,Heathcliff
UK,,HECATE,Hecate
UK,,HECKEL,Heckel
UK,,HECKYLL,Heckyll
UK,,HECTOR,Hector
UK,,HECUBA,Hecuba
UK,,HEDLEY,Hedley
UK,,HEGEL,Hegel
UK,,HELEN,Helen
UK,,HELLWEASEL,Hellweasel
UK,,HEMEY,Hemey
UK,,HENDRIX,Hendrix
UK,,HENNA,Henna
UK,,HENOZE,Henoze
UK,,HEPHAESTUS,Hephaestus
UK,,HEPZIBAH,Hepzibah
UK,,HERA,Hera
UK,,HERB,Herb
UK,,HERCULES,Hercules
UK,,HERMES,Hermes
UK,,HERMIONE,Hermione
UK,,HERO,Hero
UK,,HERSHEY,Hershey
UK,,HESTIA,Hestia
UK,,HIAWATHA,Hiawatha
UK,,HICKORY,Hickory
UK,,HIDYHO,Hidyho
UK,,HIGGINS,Higgins
UK,,HIGHJUMP,Highjump
UK,,HILARIA,Hilaria
UK,,HILARY,Hilary
UK,,HILDA,Hilda
UK,,HILDEGARD,Hildegard
UK,,HINI,Hini
UK,,HINX,Hinx
UK,,HISS,Hiss
UK,,HOBBES,Hobbes
UK,,HOBBIT,Hobbit
UK,,HOBGOBLIN,Hobgoblin
UK,,HOBIECAT,Hobiecat
UK,,HOBSON,Hobson
UK,,HOCUS POCUS,Hocus Pocus
UK,,HODGE,Hodge
UK,,HODORI,Hodori
UK,,HOG,Hog
UK,,HOGAN,Hogan
UK,,HOLLY GOLIGHTLY,Holly Golightly
UK,,HOLMES,Holmes
UK,,HOMER,Homer
UK,,HONDA,Honda
UK,,HONEY,Honey
UK,,HONEYCAT,Honeycat
UK,,HOOLIGAN,Hooligan
UK,,HOOPER,Hooper
UK,,HOOPS,Hoops
UK,,HOOTIE,Hootie
UK,,HOOVER,Hoover
UK,,HOPE,Hope
UK,,HORACE,Horace
UK,,HORATIO,Horatio
UK,,HOSHI,Hoshi
UK,,HOTSPUR,Hotspur
UK,,HOUDINI,Houdini
UK,,HUCK,Huck
UK,,HUCKLEBERRY,Huckleberry
UK,,HUFFY,Huffy
UK,,HUGIN,Hugin
UK,,HUGO,Hugo
UK,,HULK,Hulk
UK,,HUMPREY,Humprey
UK,,HUNKA,Hunka
UK,,HUNTER,Hunter
UK,,HUNTRESS,Huntress
UK,,HURDLES,Hurdles
UK,,HUSSY,Hussy
UK,,HYDE,Hyde
UK,,HYDROX,Hydrox
UK,,HYPE,Hype
UK,,HYPERION,Hyperion
UK,,HYZENTHAY,Hyzenthay
UK,,IAN,Ian
UK,,ICARUS,Icarus
UK,,ICE,Ice
UK,,ICEBERG,Iceberg
UK,,ICEY,Icey
UK,,IDA,Ida
UK,,IDDY,Iddy
UK,,IGLOO,Igloo
UK,,IGMU,Igmu
UK,,IGNATZ,Ignatz
UK,,IGOR,Igor
UK,,IKE,Ike
UK,,ILSA,Ilsa
UK,,ILYA,Ilya
UK,,ILYTRIA,Ilytria
UK,,IMBRI,Imbri
UK,,INCA,Inca
UK,,INDARA,Indara
UK,,INDIA,India
UK,,INDIANA,Indiana
UK,,INDICUS,Indicus
UK,,INDIGO,Indigo
UK,,INDIRA,Indira
UK,,INDY,Indy
UK,,INDYCULE,Indycule
UK,,INDYKINS,Indykins
UK,,INFERNO,Inferno
UK,,INFINITY,Infinity
UK,,INGHAM,Ingham
UK,,INGOLD,Ingold
UK,,INIGO,Inigo
UK,,INIKI,Iniki
UK,,INKBERRY,Inkberry
UK,,INKERS,Inkers
UK,,INKSPOT,Inkspot
UK,,INKY,Inky
UK,,IOLANTHE,Iolanthe
UK,,IOR,Ior
UK,,IRASAN,Irasan
UK,,IRIS,Iris
UK,,IRMA,Irma
UK,,ISA,Isa
UK,,ISAAC,Isaac
UK,,ISABELLA,Isabella
UK,,ISADORA,Isadora
UK,,ISEMBARD,Isembard
UK,,ISHA,Isha
UK,,ISHMAEL,Ishmael
UK,,ISHTAR,Ishtar
UK,,ISIS,Isis
UK,,ISOLDE,Isolde
UK,,ISOSCELES,Isosceles
UK,,ISOTTA,Isotta
UK,,ITA,Ita
UK,,ITCHY & SCRATCHY,Itchy & Scratchy
UK,,ITSY,Itsy
UK,,IVAN,Ivan
UK,,IVORY,Ivory
UK,,IZAAK,Izaak
UK,,IZZY,Izzy
UK,,J. EDGAR,J. Edgar
UK,,J.R.,J.R.
UK,,JABBA,Jabba
UK,,JABBERWOCKY,Jabberwocky
UK,,JACCO,Jacco
UK,,JACE,Jace
UK,,JACK,Jack
UK,,JACKIE,Jackie
UK,,JACKSON,Jackson
UK,,JACMEL,Jacmel
UK,,JACOB,Jacob
UK,,JACQUAR,Jacquar
UK,,JADE,Jade
UK,,JADZIA,Jadzia
UK,,JAEGER,Jaeger
UK,,JAFFA,Jaffa
UK,,JAGO,Jago
UK,,JAKA,Jaka
UK,,JAKE,Jake
UK,,JAMAICA,Jamaica
UK,,JAMINA,Jamina
UK,,JAMOCHA,Jamocha
UK,,JANELLE,Janelle
UK,,JANINA,Janina
UK,,JARMARA,Jarmara
UK,,JAROMIR,Jaromir
UK,,JASMINE,Jasmine
UK,,JASPER,Jasper
UK,,JASPURR,Jaspurr
UK,,JAZZ,Jazz
UK,,JAZZIE,Jazzie
UK,,JAZZMEN,Jazzmen
UK,,JAZZPURR,Jazzpurr
UK,,JAZZYCAT,Jazzycat
UK,,JD,Jd
UK,,JEAN CLAUDE,Jean Claude
UK,,JEAN LUC,Jean Luc
UK,,JEAN PAUL,Jean Paul
UK,,JEAUX,Jeaux
UK,,JEDDA,Jedda
UK,,JEEVES,Jeeves
UK,,JEKYLL,Jekyll
UK,,JELLISON,Jellison
UK,,JEMIMA,Jemima
UK,,JENNA,Jenna
UK,,JENNET,Jennet
UK,,JENNIFUR,Jennifur
UK,,JEOFFREY,Jeoffrey
UK,,JEOFFRY,Jeoffry
UK,,JEREMIAH,Jeremiah
UK,,JEROMES,Jeromes
UK,,JESS,Jess
UK,,JESSUP,Jessup
UK,,JET,Jet
UK,,JETSUM,Jetsum
UK,,JEZABEL,Jezabel
UK,,JEZEBEL,Jezebel
UK,,JIFFA,Jiffa
UK,,JILL,Jill
UK,,JINGO,Jingo
UK,,JINJEE,Jinjee
UK,,JINXY,Jinxy
UK,,JIP,Jip
UK,,JIPSEE,Jipsee
UK,,JITTERBUG,Jitterbug
UK,,JOE,Joe
UK,,JOELLE,Joelle
UK,,JOEY,Joey
UK,,JOHNNIE WALKER,Johnnie Walker
UK,,JOHNNY JUMP UP,Johnny Jump Up
UK,,JOKER,Joker
UK,,JOLIET,Joliet
UK,,JONAH,Jonah
UK,,JONSIE,Jonsie
UK,,JOPLIN,Joplin
UK,,JORIS,Joris
UK,,JOSEY,Josey
UK,,JOSHUA,Joshua
UK,,JOSIE,Josie
UK,,JOVI,Jovi
UK,,JOYCE,Joyce
UK,,JUILET,Juilet
UK,,JULES,Jules
UK,,JULIAN,Julian
UK,,JULIUS,Julius
UK,,JUMBO,Jumbo
UK,,JUMPER,Jumper
UK,,JUNEAU,Juneau
UK,,JUNIPER,Juniper
UK,,JUNKO TABBY,Junko Tabby
UK,,JUPITER,Jupiter
UK,,JURGEN,Jurgen
UK,,JYRKY,Jyrky
UK,,JZERO,Jzero
UK,,KABUDAL,Kabudal
UK,,KABUKI,Kabuki
UK,,KACTUS,Kactus
UK,,KADAFFI,Kadaffi
UK,,KAEBI,Kaebi
UK,,KAFIR,Kafir
UK,,KAFKA,Kafka
UK,,KAHLUA,Kahlua
UK,,KAI,Kai
UK,,KAITEN,Kaiten
UK,,KALA,Kala
UK,,KALLY,Kally
UK,,KAMALA,Kamala
UK,,KAMI,Kami
UK,,KANGA,Kanga
UK,,KANJI,Kanji
UK,,KANNIKA,Kannika
UK,,KANTISHNA,Kantishna
UK,,KARIN,Karin
UK,,KARMA,Karma
UK,,KASHKA,Kashka
UK,,KASHMIRE,Kashmire
UK,,KASPASS,Kaspass
UK,,KASTORIA,Kastoria
UK,,KATAYAMA,Katayama
UK,,KATHIE LEE,Kathie Lee
UK,,KATMANDU,Katmandu
UK,,KATRINA,Katrina
UK,,KATTEN,Katten
UK,,KAYLA,Kayla
UK,,KAYO,Kayo
UK,,KAZAK,Kazak
UK,,KAZMIR,Kazmir
UK,,KEEBLER,Keebler
UK,,KEEGAN,Keegan
UK,,KEEKEE,Keekee
UK,,KEEKS,Keeks
UK,,KEEROKEE,Keerokee
UK,,KEETAH,Keetah
UK,,KEETS,Keets
UK,,KEEVA,Keeva
UK,,KEG,Keg
UK,,KEHAAR,Kehaar
UK,,KEIKO,Keiko
UK,,KELLER,Keller
UK,,KELLEY,Kelley
UK,,KELLOGG,Kellogg
UK,,KENDRA,Kendra
UK,,KENTUCKY,Kentucky
UK,,KEPURR,Kepurr
UK,,KEROUAC,Kerouac
UK,,KERRY,Kerry
UK,,KESA,Kesa
UK,,KESAKIN,Kesakin
UK,,KETA,Keta
UK,,KHATT,Khatt
UK,,KI,Ki
UK,,KIANA,Kiana
UK,,KIDINO,Kidino
UK,,KIERI,Kieri
UK,,KIKKI,Kikki
UK,,KILKENNY,Kilkenny
UK,,KILLIAN,Killian
UK,,KIMBLE,Kimble
UK,,KIMO,Kimo
UK,,KINDLES,Kindles
UK,,KING ARTHUR,King Arthur
UK,,KING COTTON,King Cotton
UK,,KINGSTON,Kingston
UK,,KINKY,Kinky
UK,,KINSEY,Kinsey
UK,,KINSKI,Kinski
UK,,KIOKI,Kioki
UK,,KIR,Kir
UK,,KIRA,Kira
UK,,KISHA,Kisha
UK,,KISMET,Kismet
UK,,KISSA,Kissa
UK,,KISSAFUR,Kissafur
UK,,KISSES,Kisses
UK,,KISSIMMEE KATE,Kissimmee Kate
UK,,KISSYCAT,Kissycat
UK,,KIT,Kit
UK,,KITALIE,Kitalie
UK,,KITAMUS,Kitamus
UK,,KITBULL,Kitbull
UK,,KITLER,Kitler
UK,,KITTEN CATCHATORRE,Kitten Catchatorre
UK,,KITTEN EMERITUS,Kitten Emeritus
UK,,KITTERY KAT,Kittery Kat
UK,,KITTO,Kitto
UK,,KITTY,Kitty
UK,,KITTY HAWK,Kitty Hawk
UK,,KITWIT,Kitwit
UK,,KIZZY,Kizzy
UK,,KLAARA,Klaara
UK,,KLAW,Klaw
UK,,KLEENEX,Kleenex
UK,,KLISTER,Klister
UK,,KLONDIKE,Klondike
UK,,KLUTZ,Klutz
UK,,K-MART,K-Mart
UK,,KNICKERS,Knickers
UK,,KNUCKS,Knucks
UK,,KOALA,Koala
UK,,KODY,Kody
UK,,KOJAK,Kojak
UK,,KOLLE,Kolle
UK,,KONEKO,Koneko
UK,,KOONTAH,Koontah
UK,,KOOZE,Kooze
UK,,KORBUT,Korbut
UK,,KOSHKA,Koshka
UK,,KOTEN,Koten
UK,,KOTYK,Kotyk
UK,,KOY,Koy
UK,,KOYANG,Koyang
UK,,KRAMER,Kramer
UK,,KUBALA,Kubala
UK,,KUKI,Kuki
UK,,KUSHI,Kushi
UK,,KWANZAA,Kwanzaa
UK,,KYDAR,Kydar
UK,,KYKII,Kykii
UK,,KYLE,Kyle
UK,,KYLIE,Kylie
UK,,LA CHATTE,La Chatte
UK,,LABELLE,Labelle
UK,,LACY,Lacy
UK,,LAD,Lad
UK,,LADY GRIDDLEBONE,Lady Griddlebone
UK,,LADY JANE,Lady Jane
UK,,LADY MUCK,Lady Muck
UK,,LADY PEPPER,Lady Pepper
UK,,LAFEYETTE,Lafeyette
UK,,LAMAR,Lamar
UK,,LAMBERT,Lambert
UK,,LANA,Lana
UK,,LAPLEACH,Lapleach
UK,,LAPLOVER,Laplover
UK,,LARISA,Larisa
UK,,LARRY,Larry
UK,,LASER,Laser
UK,,LASHER,Lasher
UK,,LATKE,Latke
UK,,LATTE,Latte
UK,,LAUNCELOT,Launcelot
UK,,LAUREL,Laurel
UK,,LAUREN,Lauren
UK,,LAVERNE,Laverne
UK,,LAYLA,Layla
UK,,LEATHER,Leather
UK,,LEE,Lee
UK,,LEELA,Leela
UK,,LEENER,Leener
UK,,LEGS,Legs
UK,,LEIA,Leia
UK,,LEILA,Leila
UK,,LEMIEUX,Lemieux
UK,,LEO,Leo
UK,,LEONA,Leona
UK,,LEONARDO,Leonardo
UK,,LEROY,Leroy
UK,,LERY,Lery
UK,,LESSAY,Lessay
UK,,LESTER,Lester
UK,,LEW LEXI,Lew Lexi
UK,,LEWIS,Lewis
UK,,LEXUS,Lexus
UK,,LI SHOU,Li Shou
UK,,LIAM,Liam
UK,,LIBANA,Libana
UK,,LIBBY,Libby
UK,,LIBERTY,Liberty
UK,,LICKY,Licky
UK,,LICORICE,Licorice
UK,,LIEBCHEN,Liebchen
UK,,LILITH,Lilith
UK,,LILLAN,Lillan
UK,,LILY,Lily
UK,,LIMITE,Limite
UK,,LINA,Lina
UK,,LINDA,Linda
UK,,LINDY,Lindy
UK,,LING,Ling
UK,,LINNEUS,Linneus
UK,,LIONEL,Lionel
UK,,LITTLE DIPPER,Little Dipper
UK,,LITTLE ROCK,Little Rock
UK,,LITTLEFOOT,Littlefoot
UK,,LIVIA,Livia
UK,,LIVINGSTONE,Livingstone
UK,,LIVY,Livy
UK,,LIZ,Liz
UK,,LIZINA,Lizina
UK,,LIZZIE,Lizzie
UK,,LO YO,Lo Yo
UK,,LOADIE,Loadie
UK,,LOCUTUS,Locutus
UK,,LOEKIE,Loekie
UK,,LOKIKI,Lokiki
UK,,LOLA,Lola
UK,,LOLITA,Lolita
UK,,LONGTALE,Longtale
UK,,LOOBY,Looby
UK,,LOOPY,Loopy
UK,,LORD,Lord
UK,,LORNA,Lorna
UK,,LOTHARIO,Lothario
UK,,LOTTIE,Lottie
UK,,LOTTO,Lotto
UK,,LOUP,Loup
UK,,LOVEY,Lovey
UK,,LUATH,Luath
UK,,LUCAS,Lucas
UK,,LUCIA,Lucia
UK,,LUCIANO,Luciano
UK,,LUCILLE,Lucille
UK,,LUCINDA,Lucinda
UK,,LUCKY,Lucky
UK,,LUCKY LINDY,Lucky Lindy
UK,,LUCRETIA,Lucretia
UK,,LUCY,Lucy
UK,,LUDWIG,Ludwig
UK,,LUIGI,Luigi
UK,,LUJAK,Lujak
UK,,LUKIE,Lukie
UK,,LUKRETS,Lukrets
UK,,LULU,Lulu
UK,,LULUBELL,Lulubell
UK,,LUNA,Luna
UK,,LUNZIE,Lunzie
UK,,LUPIN,Lupin
UK,,LUPINO,Lupino
UK,,LUTECE,Lutece
UK,,LUTHER,Luther
UK,,LYNDA,Lynda
UK,,LYNX,Lynx
UK,,LYSANNE,Lysanne
UK,,M & M,M & M
UK,,MABEL,Mabel
UK,,MAC,Mac
UK,,MACARONI,Macaroni
UK,,MACAULAY,Macaulay
UK,,MACBETH,Macbeth
UK,,MACGYVER,Macgyver
UK,,MACH BAGRAL,Mach Bagral
UK,,MACHIAVELLI,Machiavelli
UK,,MACINTOSH,Macintosh
UK,,MACKENZIE,Mackenzie
UK,,MADAM,Madam
UK,,MADAME PHLOI,Madame Phloi
UK,,MADDIE,Maddie
UK,,MADEIRA,Madeira
UK,,MADISON,Madison
UK,,MADMAX,Madmax
UK,,MADONNA,Madonna
UK,,MAE,Mae
UK,,MAESTRO,Maestro
UK,,MAFALDA,Mafalda
UK,,MAGELLAN,Magellan
UK,,MAGENTA,Magenta
UK,,MAGGIE,Maggie
UK,,MAGIC,Magic
UK,,MAGNA,Magna
UK,,MAGNIFICAT,Magnificat
UK,,MAGNOLIA,Magnolia
UK,,MAGNUS,Magnus
UK,,MAHOGANY,Mahogany
UK,,MAHOMET,Mahomet
UK,,MAHOUT,Mahout
UK,,MAI TAI,Mai Tai
UK,,MAJA,Maja
UK,,MAJIK,Majik
UK,,MAKAYLA,Makayla
UK,,MAKITA,Makita
UK,,MALFI,Malfi
UK,,MALIBOO,Maliboo
UK,,MALKA,Malka
UK,,MALLOREY,Mallorey
UK,,MAME,Mame
UK,,MANAPUA,Manapua
UK,,MANDALAY,Mandalay
UK,,MANDRAKE,Mandrake
UK,,MANDU,Mandu
UK,,MANDY,Mandy
UK,,MANGO,Mango
UK,,MANGY,Mangy
UK,,MANGYKAT,Mangykat
UK,,MANHASSET,Manhasset
UK,,MANIAC,Maniac
UK,,MANNAZ,Mannaz
UK,,MANNY,Manny
UK,,MANX,Manx
UK,,MAO,Mao
UK,,MAPES,Mapes
UK,,MARATHON,Marathon
UK,,MARBLES,Marbles
UK,,MARCHELLO,Marchello
UK,,MARCUS,Marcus
UK,,MARF,Marf
UK,,MARGARITE,Margarite
UK,,MARIEKA,Marieka
UK,,MARILLA,Marilla
UK,,MARILYN,Marilyn
UK,,MARKY,Marky
UK,,MARLIN,Marlin
UK,,MARMELADE,Marmelade
UK,,MARMITE,Marmite
UK,,MARRAKESH,Marrakesh
UK,,MARS,Mars
UK,,MARSHALL,Marshall
UK,,MARSINA,Marsina
UK,,MARTHA,Martha
UK,,MARTINI,Martini
UK,,MARTYMARYELLEN,Martymaryellen
UK,,MASQUERADE,Masquerade
UK,,MASTERS,Masters
UK,,MATA HARI,Mata Hari
UK,,MATILDA,Matilda
UK,,MATOU,Matou
UK,,MATRIX,Matrix
UK,,MAU,Mau
UK,,MAUD,Maud
UK,,MAUDRED,Maudred
UK,,MAULE,Maule
UK,,MAUNZ,Maunz
UK,,MAUSER,Mauser
UK,,MAVIS,Mavis
UK,,MAXIMILIAN,Maximilian
UK,,MAXIMOTO,Maximoto
UK,,MAXWELL,Maxwell
UK,,MAY,May
UK,,MAYHEM,Mayhem
UK,,MAYNARD,Maynard
UK,,MAYO,Mayo
UK,,MAYSA,Maysa
UK,,MAZDA,Mazda
UK,,MAZIK,Mazik
UK,,MAZUMA,Mazuma
UK,,MAZURKA,Mazurka
UK,,McKENZIE,Mckenzie
UK,,McMURPHY,Mcmurphy
UK,,MEA,Mea
UK,,MEADOWLARK,Meadowlark
UK,,MEAN JOE,Mean Joe
UK,,MEANESS,Meaness
UK,,MEATBALL,Meatball
UK,,MEATLOAF,Meatloaf
UK,,MEBEY,Mebey
UK,,MEDLEY,Medley
UK,,MEDUSA,Medusa
UK,,MEECHO,Meecho
UK,,MEEKO,Meeko
UK,,MEELY,Meely
UK,,MEEMS,Meems
UK,,MEEP,Meep
UK,,MEGAN,Megan
UK,,MEGATON,Megaton
UK,,MEGELLAN,Megellan
UK,,MEGHANN,Meghann
UK,,MEHITABEL,Mehitabel
UK,,MEISHA,Meisha
UK,,MEL,Mel
UK,,MELBOURNE,Melbourne
UK,,MELVIS,Melvis
UK,,MERCEDES,Mercedes
UK,,MERCURY,Mercury
UK,,MERIWETHER,Meriwether
UK,,MERLIN,Merlin
UK,,MERLOT,Merlot
UK,,MERRY,Merry
UK,,MERYL,Meryl
UK,,MESSY,Messy
UK,,METAPHOR,Metaphor
UK,,MEUM,Meum
UK,,MEUSER,Meuser
UK,,MEWLER,Mewler
UK,,MEWSETTE,Mewsette
UK,,MEWY,Mewy
UK,,MIA,Mia
UK,,MICAH,Micah
UK,,MICESTER,Micester
UK,,MICETTO,Micetto
UK,,MICHELANGELO,Michelangelo
UK,,MICHI,Michi
UK,,MICKEY,Mickey
UK,,MIDAS,Midas
UK,,MIDDLES,Middles
UK,,MIDNIGHT,Midnight
UK,,MIEKO,Mieko
UK,,MIELE,Miele
UK,,MIESCHEN,Mieschen
UK,,MIGHTY,Mighty
UK,,MIJA,Mija
UK,,MIJAE,Mijae
UK,,MIKA,Mika
UK,,MIKADO,Mikado
UK,,MIKAIL,Mikail
UK,,MIKKEL,Mikkel
UK,,MILA,Mila
UK,,MILADY,Milady
UK,,MILANO,Milano
UK,,MILEA,Milea
UK,,MILENA,Milena
UK,,MILHOUSE,Milhouse
UK,,MILKSHAKE,Milkshake
UK,,MILLAMANT,Millamant
UK,,MILO,Milo
UK,,MILOE,Miloe
UK,,MIN,Min
UK,,MINERVA,Minerva
UK,,MINETTE,Minette
UK,,MING,Ming
UK,,MINGUS,Mingus
UK,,MINILOTTO,Minilotto
UK,,MINKA,Minka
UK,,MINKI,Minki
UK,,MINNALOUSHE,Minnaloushe
UK,,MINNIE,Minnie
UK,,MINOES,Minoes
UK,,MINOU,Minou
UK,,MINTIE,Mintie
UK,,MINUE,Minue
UK,,MINUETTE,Minuette
UK,,MIRAGE,Mirage
UK,,MIRAMAR,Miramar
UK,,MIRANDA,Miranda
UK,,MIRKA,Mirka
UK,,MIRKO,Mirko
UK,,MISCHIEF,Mischief
UK,,MISFIT,Misfit
UK,,MISHA,Misha
UK,,MISO,Miso
UK,,MISS MARIGOLD,Miss Marigold
UK,,MISS MINION,Miss Minion
UK,,MISS MOPPET,Miss Moppet
UK,,MISS PIGGY,Miss Piggy
UK,,MISS PUSS,Miss Puss
UK,,MISTER ROGERS,Mister Rogers
UK,,MISTER SOFTEE,Mister Softee
UK,,MISTI,Misti
UK,,MISTLETOE,Mistletoe
UK,,MITSI,Mitsi
UK,,MITTEN,Mitten
UK,,MITTENS,Mittens
UK,,MITZI,Mitzi
UK,,MITZVAH,Mitzvah
UK,,MJOLNIR,Mjolnir
UK,,MO,Mo
UK,,MOBI,Mobi
UK,,MOBY,Moby
UK,,MOCHA,Mocha
UK,,MODENA,Modena
UK,,MOGADISHU,Mogadishu
UK,,MOGUL,Mogul
UK,,MOGWYRE,Mogwyre
UK,,MOHAWK,Mohawk
UK,,MOIRA,Moira
UK,,MOKIE,Mokie
UK,,MOLOTOV,Molotov
UK,,MOLSON,Molson
UK,,MONEY,Money
UK,,MONICA,Monica
UK,,MONROE,Monroe
UK,,MONTY,Monty
UK,,MOOCH,Mooch
UK,,MOOGIE,Moogie
UK,,MOOKIE,Mookie
UK,,MOONBEAN,Moonbean
UK,,MOONSHADOW,Moonshadow
UK,,MOONSHINE,Moonshine
UK,,MOPSY,Mopsy
UK,,MORDICAI,Mordicai
UK,,MORE,More
UK,,MORGAN,Morgan
UK,,MORPHEUS,Morpheus
UK,,MORRIS,Morris
UK,,MORTICIA,Morticia
UK,,MOSES,Moses
UK,,MOTTEBALL,Motteball
UK,,MOUSCHI,Mouschi
UK,,MOUSER,Mouser
UK,,MOUSIE,Mousie
UK,,MOUSY,Mousy
UK,,MOWCHER,Mowcher
UK,,MOWPS,Mowps
UK,,MOXIE,Moxie
UK,,MOZART,Mozart
UK,,MR. BEAN,Mr. Bean
UK,,MR. MAGOO,Mr. Magoo
UK,,MR. TIBBS,Mr. Tibbs
UK,,MR.BLUSTER,Mr.Bluster
UK,,MUFF,Muff
UK,,MUFFASSA,Muffassa
UK,,MUFFET,Muffet
UK,,MUFFIN,Muffin
UK,,MUFFY,Muffy
UK,,MUGABE,Mugabe
UK,,MUGGER,Mugger
UK,,MUGS,Mugs
UK,,MUGWUMP,Mugwump
UK,,MULDOON,Muldoon
UK,,MUMBLES,Mumbles
UK,,MUMSY,Mumsy
UK,,MUPEE,Mupee
UK,,MURFEE,Murfee
UK,,MURPHY,Murphy
UK,,MUSCATELLI,Muscatelli
UK,,MUTT,Mutt
UK,,MUTTLEY,Muttley
UK,,MUTZY,Mutzy
UK,,MYER,Myer
UK,,MYLES,Myles
UK,,MYSKA,Myska
UK,,MYSOUF,Mysouf
UK,,MYSTERY,Mystery
UK,,MYSTIQUE,Mystique
UK,,NABIE,Nabie
UK,,NADENA,Nadena
UK,,NADIA,Nadia
UK,,NADINE,Nadine
UK,,NAIVE,Naive
UK,,NAKIETA,Nakieta
UK,,NALA,Nala
UK,,NANA,Nana
UK,,NANCY,Nancy
UK,,NAOMI,Naomi
UK,,NAPOLEON,Napoleon
UK,,NAPOLI,Napoli
UK,,NAPPER,Napper
UK,,NAPPERS,Nappers
UK,,NAPPY,Nappy
UK,,NARCISSUS,Narcissus
UK,,NATASHA,Natasha
UK,,NATE,Nate
UK,,NATHAN,Nathan
UK,,NED,Ned
UK,,NEDDY,Neddy
UK,,NEFER,Nefer
UK,,NEFERKITTY,Neferkitty
UK,,NEFERTITI,Nefertiti
UK,,NEGATORY,Negatory
UK,,NEGUS,Negus
UK,,NELDA,Nelda
UK,,NELLIE,Nellie
UK,,NELLINDA,Nellinda
UK,,NELSON,Nelson
UK,,NEMESIS,Nemesis
UK,,NENE,Nene
UK,,NEO,Neo
UK,,NEON,Neon
UK,,NEPTUNE,Neptune
UK,,NERA,Nera
UK,,NERBLE,Nerble
UK,,NERF,Nerf
UK,,NERMAL,Nermal
UK,,NERON,Neron
UK,,NERONE,Nerone
UK,,NESSIE,Nessie
UK,,NESSUS,Nessus
UK,,N'EST-CE PAS,N'Est-Ce Pas
UK,,NESTLE,Nestle
UK,,NESTOR,Nestor
UK,,NETTIK,Nettik
UK,,NEUTRON,Neutron
UK,,NEVERMORE,Nevermore
UK,,NEVILLE,Neville
UK,,NEWIE,Newie
UK,,NICHOLAS,Nicholas
UK,,NICKEL,Nickel
UK,,NICODEMUS,Nicodemus
UK,,NICOLAS,Nicolas
UK,,NIGHTMARE,Nightmare
UK,,NIGHTSHADE,Nightshade
UK,,NIGHTTRAIN,Nighttrain
UK,,NIJINSKY,Nijinsky
UK,,NIKE,Nike
UK,,NIKITA,Nikita
UK,,NILE,Nile
UK,,NILES,Niles
UK,,NIMA,Nima
UK,,NIMROD,Nimrod
UK,,NINER,Niner
UK,,NINJA,Ninja
UK,,NIPPER,Nipper
UK,,NISHKA,Nishka
UK,,NITRO,Nitro
UK,,NO FAULT,No Fault
UK,,NOCTURNE,Nocturne
UK,,NOD,Nod
UK,,NOEL,Noel
UK,,NOHA,Noha
UK,,NOIRE,Noire
UK,,NOISY,Noisy
UK,,NOKKY,Nokky
UK,,NOLAN,Nolan
UK,,NOODLES,Noodles
UK,,NOOGIE,Noogie
UK,,NORA,Nora
UK,,NORKA,Norka
UK,,NORTON,Norton
UK,,NOSEBUD,Nosebud
UK,,NOSEY,Nosey
UK,,NOVA,Nova
UK,,NUBBIN,Nubbin
UK,,NUBBINS,Nubbins
UK,,NUBI,Nubi
UK,,NUDGER,Nudger
UK,,NUGGET,Nugget
UK,,NUGGIE,Nuggie
UK,,NUISANCE,Nuisance
UK,,NUIT BLANCHE,Nuit Blanche
UK,,NUNA,Nuna
UK,,NUNKIE,Nunkie
UK,,NUTKIN,Nutkin
UK,,NUTMEG,Nutmeg
UK,,NYET,Nyet
UK,,NYSSA,Nyssa
UK,,NYSTAN,Nystan
UK,,O.J.,O.J.
UK,,OASIS,Oasis
UK,,OATCAKE,Oatcake
UK,,OBELIX,Obelix
UK,,OCTAVIA,Octavia
UK,,ODAN,Odan
UK,,ODD,Odd
UK,,ODIE,Odie
UK,,ODIN,Odin
UK,,ODYSSEUS,Odysseus
UK,,ODYSSEY,Odyssey
UK,,OFFEL,Offel
UK,,OGIES,Ogies
UK,,OGOPOGO,Ogopogo
UK,,OKLAHOMA,Oklahoma
UK,,OLAF,Olaf
UK,,OLD CHUM,Old Chum
UK,,OLD DEUTERONOMY,Old Deuteronomy
UK,,OLD MIKE,Old Mike
UK,,OLGA,Olga
UK,,OLIVE,Olive
UK,,OLIVER,Oliver
UK,,OLIVIER,Olivier
UK,,OLLI,Olli
UK,,O'MALLEY,O'Malley
UK,,OMEGA,Omega
UK,,ONASSIS,Onassis
UK,,ONYXS,Onyxs
UK,,OOPS,Oops
UK,,OPAL,Opal
UK,,OPHELIA,Ophelia
UK,,OPIE,Opie
UK,,OPRAH,Oprah
UK,,OPUS,Opus
UK,,ORANGIE,Orangie
UK,,ORBIT,Orbit
UK,,OREO,Oreo
UK,,ORION,Orion
UK,,ORLANDO,Orlando
UK,,ORLON,Orlon
UK,,ORLY,Orly
UK,,ORNERY,Ornery
UK,,ORPHEUS,Orpheus
UK,,ORSON,Orson
UK,,ORVILLE,Orville
UK,,ORWELL,Orwell
UK,,OSCAR,Oscar
UK,,OSIRIS,Osiris
UK,,OSMAN,Osman
UK,,OSWALD,Oswald
UK,,OTHELLO,Othello
UK,,OTIS,Otis
UK,,OTTALINE,Ottaline
UK,,OTTER,Otter
UK,,OTTO,Otto
UK,,OWEN,Owen
UK,,OXFORD,Oxford
UK,,OZONE,Ozone
UK,,OZU,Ozu
UK,,OZZIE,Ozzie
UK,,OZZY,Ozzy
UK,,PABLO,Pablo
UK,,PACIFIC,Pacific
UK,,PACINO,Pacino
UK,,PACO,Paco
UK,,PADDINGTON,Paddington
UK,,PADDY,Paddy
UK,,PAGAN,Pagan
UK,,PAIGE,Paige
UK,,PAISLEY,Paisley
UK,,PAKA,Paka
UK,,PALADIN,Paladin
UK,,PALEFACE,Paleface
UK,,PALERMO,Palermo
UK,,PALOMA,Paloma
UK,,PALOOKA,Palooka
UK,,PANCHO,Pancho
UK,,PANDA,Panda
UK,,PANDORA,Pandora
UK,,PANDY,Pandy
UK,,PANTHA,Pantha
UK,,PANTOUFLE,Pantoufle
UK,,PAPOOSE,Papoose
UK,,PARKAY,Parkay
UK,,PASHA,Pasha
UK,,PASHAKIN,Pashakin
UK,,PATACHOU,Patachou
UK,,PATCH,Patch
UK,,PATCHES,Patches
UK,,PATRICK,Patrick
UK,,PATRIK,Patrik
UK,,PATSY,Patsy
UK,,PATTI,Patti
UK,,PATTYCAKES,Pattycakes
UK,,PAULINOS,Paulinos
UK,,PAWS,Paws
UK,,PAXTON,Paxton
UK,,PAYTON,Payton
UK,,PC,Pc
UK,,PEABALL,Peaball
UK,,PEACE,Peace
UK,,PEACHES,Peaches
UK,,PEACHIE,Peachie
UK,,PEANUTS,Peanuts
UK,,PEARL,Pearl
UK,,PEBBLES,Pebbles
UK,,PECOS BILL,Pecos Bill
UK,,PEDRO,Pedro
UK,,PEEKABOO,Peekaboo
UK,,PEEPER,Peeper
UK,,PEEPERS,Peepers
UK,,PEEWEE,Peewee
UK,,PEEZER,Peezer
UK,,PEKIE,Pekie
UK,,PELE,Pele
UK,,PELENORE,Pelenore
UK,,PENELOPE,Penelope
UK,,PENGUIN,Penguin
UK,,PENNY,Penny
UK,,PEPE,Pepe
UK,,PEPPER,Pepper
UK,,PEPPERMINT PATTY,Peppermint Patty
UK,,PEPPY,Peppy
UK,,PEPSI,Pepsi
UK,,PERCIVAL,Percival
UK,,PERIWINKLE,Periwinkle
UK,,PERKINS,Perkins
UK,,PERLA,Perla
UK,,PERPETRATOR,Perpetrator
UK,,PERRY,Perry
UK,,PERSIA,Persia
UK,,PERTH,Perth
UK,,PESKY,Pesky
UK,,PESTER,Pester
UK,,PESTO,Pesto
UK,,PETAL,Petal
UK,,PETE,Pete
UK,,PETER PAN,Peter Pan
UK,,PETER PODGER,Peter Podger
UK,,PETEY,Petey
UK,,PETIFOUR,Petifour
UK,,PETIPOINT,Petipoint
UK,,PETOSKEY,Petoskey
UK,,PETRA,Petra
UK,,PETRIE,Petrie
UK,,PETUNIA,Petunia
UK,,PEWTER,Pewter
UK,,PFEFFA,Pfeffa
UK,,PHANTOM,Phantom
UK,,PHARAOH,Pharaoh
UK,,PHAROH,Pharoh
UK,,PHIL,Phil
UK,,PHILEMON,Philemon
UK,,PHO,Pho
UK,,PHOEBE,Phoebe
UK,,PHOENIX,Phoenix
UK,,PHUKET,Phuket
UK,,PHYLLO,Phyllo
UK,,PIAF,Piaf
UK,,PICASSO,Picasso
UK,,PICKETT,Pickett
UK,,PICKLE,Pickle
UK,,PICKLES,Pickles
UK,,PICKY,Picky
UK,,PICOT,Picot
UK,,PIDGE,Pidge
UK,,PIEBALL,Pieball
UK,,PIERRE,Pierre
UK,,PIERROT,Pierrot
UK,,PIETER,Pieter
UK,,PIFFLES,Piffles
UK,,PIGASUS,Pigasus
UK,,PIGEON,Pigeon
UK,,PIGFOOT,Pigfoot
UK,,PIGLET,Piglet
UK,,PILGRIM,Pilgrim
UK,,PINDAR,Pindar
UK,,PINECONE,Pinecone
UK,,PINEY,Piney
UK,,PING PONG,Ping Pong
UK,,PINHEAD,Pinhead
UK,,PINK PANTHER,Pink Panther
UK,,PINKERTON,Pinkerton
UK,,PINKLE PURR,Pinkle Purr
UK,,PINKY,Pinky
UK,,PINOCCHIO,Pinocchio
UK,,PINS,Pins
UK,,PIP,Pip
UK,,PIPER,Piper
UK,,PIPPA,Pippa
UK,,PIPPIN,Pippin
UK,,PIPPY,Pippy
UK,,PISA,Pisa
UK,,PITA,Pita
UK,,PITTEN,Pitten
UK,,PIWAKET,Piwaket
UK,,PIXEL,Pixel
UK,,PIXIE,Pixie
UK,,PLANKTON,Plankton
UK,,PLAYFUL,Playful
UK,,PLINKO,Plinko
UK,,PLUCKY,Plucky
UK,,PLUTO,Pluto
UK,,POE,Poe
UK,,POES,Poes
UK,,POGP,Pogp
UK,,POIROT,Poirot
UK,,POKAHONTAS,Pokahontas
UK,,POKEY,Pokey
UK,,POLARCAT,Polarcat
UK,,POLKA DOT,Polka Dot
UK,,POLLY,Polly
UK,,POLO,Polo
UK,,POOCH,Pooch
UK,,POODEEDOOTS,Poodeedoots
UK,,POOGIE,Poogie
UK,,POOH,Pooh
UK,,POOH-BAH,Pooh-Bah
UK,,POOKER,Pooker
UK,,POOKI,Pooki
UK,,POOSEY,Poosey
UK,,POOSHA,Poosha
UK,,POOTIE,Pootie
UK,,POPCORN,Popcorn
UK,,POPEYE,Popeye
UK,,POPOKI,Popoki
UK,,POPPET,Poppet
UK,,POPPY,Poppy
UK,,POPTART,Poptart
UK,,PORSCHE,Porsche
UK,,POSER,Poser
UK,,POSSUM,Possum
UK,,POTPURRI,Potpurri
UK,,POUKA,Pouka
UK,,POWWOW,Powwow
UK,,PRAJADHIPOK,Prajadhipok
UK,,PRANCER,Prancer
UK,,PREACHER,Preacher
UK,,PRECIOUS,Precious
UK,,PRESTO,Presto
UK,,PRETTY,Pretty
UK,,PRETZEL,Pretzel
UK,,PRICILLA,Pricilla
UK,,PRIMA,Prima
UK,,PRIMOROSE,Primorose
UK,,PRINCE,Prince
UK,,PRINCE HAL,Prince Hal
UK,,PRINCESS,Princess
UK,,PRINCETON,Princeton
UK,,PROF.,Prof.
UK,,PROMETHEUS,Prometheus
UK,,PROUST,Proust
UK,,PRUNELLA,Prunella
UK,,PSYCHO,Psycho
UK,,PUCHTKA,Puchtka
UK,,PUCKY,Pucky
UK,,PUDDIN,Puddin
UK,,PUDDLES,Puddles
UK,,PUDDY,Puddy
UK,,PUDDYPAWS,Puddypaws
UK,,PUDDYTAT,Puddytat
UK,,PUFF,Puff
UK,,PUG,Pug
UK,,PUKE,Puke
UK,,PUKEY,Pukey
UK,,PUMKIN,Pumkin
UK,,PUMPKIN,Pumpkin
UK,,PUMPKINATOR,Pumpkinator
UK,,PUNCH,Punch
UK,,PUNKEN,Punken
UK,,PUNKY,Punky
UK,,PUPPY,Puppy
UK,,PURCELL,Purcell
UK,,PURRDIE,Purrdie
UK,,PUSHKIN,Pushkin
UK,,PUSS,Puss
UK,,PUSSCAT,Pusscat
UK,,PUSSHEAD,Pusshead
UK,,PUSSITA,Pussita
UK,,PUSSY,Pussy
UK,,PUTTY CAT,Putty Cat
UK,,PUZZBALL,Puzzball
UK,,PYEWACKETT,Pyewackett
UK,,PYGMALION,Pygmalion
UK,,QETTAH,Qettah
UK,,QUANTAS,Quantas
UK,,QUARK,Quark
UK,,QUEEN,Queen
UK,,QUEENIE,Queenie
UK,,QUENDI,Quendi
UK,,QUENTIN,Quentin
UK,,QUICHES,Quiches
UK,,QUIMBY,Quimby
UK,,QUINCY,Quincy
UK,,QUIZ,Quiz
UK,,RA,Ra
UK,,RADAR,Radar
UK,,RAFFERTY,Rafferty
UK,,RAGGLES,Raggles
UK,,RAGS,Rags
UK,,RAHJAH,Rahjah
UK,,RAHNEE,Rahnee
UK,,RAIDER,Raider
UK,,RAIN,Rain
UK,,RAINBOW,Rainbow
UK,,RAINTREE,Raintree
UK,,RAISIN,Raisin
UK,,RALPH,Ralph
UK,,RAMAR,Ramar
UK,,RAMBIS,Rambis
UK,,RAMBO,Rambo
UK,,RAMEESH,Rameesh
UK,,RAMESES,Rameses
UK,,RANDALL,Randall
UK,,RANDY,Randy
UK,,RAOUL,Raoul
UK,,RAPHAEL,Raphael
UK,,RAPUNZEL,Rapunzel
UK,,RAQUEL,Raquel
UK,,RASCAL,Rascal
UK,,RASCLE,Rascle
UK,,RASPUTIN,Rasputin
UK,,RASTA,Rasta
UK,,RATKILLER,Ratkiller
UK,,RATTAIL,Rattail
UK,,RAVEN,Raven
UK,,RAVENNA,Ravenna
UK,,RAVI,Ravi
UK,,RAYMOND,Raymond
UK,,REBA,Reba
UK,,REBECCA,Rebecca
UK,,REBEL,Rebel
UK,,REBOUND,Rebound
UK,,RED,Red
UK,,REDNECK,Redneck
UK,,REEBOK,Reebok
UK,,REEPI,Reepi
UK,,REGENT,Regent
UK,,REGINA,Regina
UK,,REKA,Reka
UK,,REKKI,Rekki
UK,,REMBRANT,Rembrant
UK,,REMO,Remo
UK,,REMUS,Remus
UK,,REMY,Remy
UK,,RENOIR,Renoir
UK,,REPETE,Repete
UK,,REVEILLE,Reveille
UK,,REX,Rex
UK,,REY,Rey
UK,,RHAPSODY,Rhapsody
UK,,RHETT,Rhett
UK,,RHIA,Rhia
UK,,RHIANNA,Rhianna
UK,,RHIANNON,Rhiannon
UK,,RHUBARB,Rhubarb
UK,,RIANNE,Rianne
UK,,RIBBON,Ribbon
UK,,RIBS,Ribs
UK,,RICA,Rica
UK,,RICKSHAW BOB,Rickshaw Bob
UK,,RIDDLE,Riddle
UK,,RIGBY,Rigby
UK,,RIMA,Rima
UK,,RIMBAUD,Rimbaud
UK,,RINGO,Ringo
UK,,RIO,Rio
UK,,RIPLEY,Ripley
UK,,RITZ,Ritz
UK,,RIZLA,Rizla
UK,,ROBBIE,Robbie
UK,,ROBIN,Robin
UK,,ROCHESTER,Rochester
UK,,ROCKET,Rocket
UK,,ROCKFORD,Rockford
UK,,ROCKY,Rocky
UK,,ROCOCO,Rococo
UK,,RODDY,Roddy
UK,,RODEO,Rodeo
UK,,RODIN,Rodin
UK,,RODNEY,Rodney
UK,,ROI,Roi
UK,,ROLAIDS,Rolaids
UK,,ROLEX,Rolex
UK,,ROLLS,Rolls
UK,,ROMEO,Romeo
UK,,ROMERO,Romero
UK,,ROMULUS,Romulus
UK,,RONIN,Ronin
UK,,ROOKIE,Rookie
UK,,ROOSTER,Rooster
UK,,RORY,Rory
UK,,ROSCOE,Roscoe
UK,,ROSEBUD,Rosebud
UK,,ROSIE,Rosie
UK,,ROVER,Rover
UK,,ROWAN,Rowan
UK,,ROXANNE,Roxanne
UK,,ROXY,Roxy
UK,,ROY,Roy
UK,,ROY BEAN,Roy Bean
UK,,ROYAL,Royal
UK,,RUBEN,Ruben
UK,,RUBUS,Rubus
UK,,RUBY,Ruby
UK,,RUDIE,Rudie
UK,,RUFFIAN,Ruffian
UK,,RUFUS,Rufus
UK,,RUGBY,Rugby
UK,,RUGGLES,Ruggles
UK,,RUMBALL,Rumball
UK,,RUNYON,Runyon
UK,,RUPERT,Rupert
UK,,RURU,Ruru
UK,,RUSSELL,Russell
UK,,RUSTY,Rusty
UK,,RX.,Rx.
UK,,RYANNE,Ryanne
UK,,SABA,Saba
UK,,SABELLA,Sabella
UK,,SABINA,Sabina
UK,,SABLE,Sable
UK,,SABRA,Sabra
UK,,SACCO,Sacco
UK,,SACHIN,Sachin
UK,,SADIE,Sadie
UK,,SAFFIARE,Saffiare
UK,,SAFFRON,Saffron
UK,,SAGE,Sage
UK,,SAHARA,Sahara
UK,,SAHIB,Sahib
UK,,SAILOR,Sailor
UK,,SAINT,Saint
UK,,SAKI,Saki
UK,,SALAMI,Salami
UK,,SALEM,Salem
UK,,SALERNO,Salerno
UK,,SALLEY,Salley
UK,,SALLY,Sally
UK,,SALOME,Salome
UK,,SALSA,Salsa
UK,,SALTY,Salty
UK,,SALVADOR,Salvador
UK,,SAMBA,Samba
UK,,SAMBO,Sambo
UK,,SAMBRINA,Sambrina
UK,,SAMBUCCA,Sambucca
UK,,SAMITHA,Samitha
UK,,SAMMIE,Sammie
UK,,SAMOSET,Samoset
UK,,SAMSON,Samson
UK,,SANDERS,Sanders
UK,,SANDMAN,Sandman
UK,,SANDRINE,Sandrine
UK,,SANDY,Sandy
UK,,SANTA,Santa
UK,,SANTI,Santi
UK,,SARABETH,Sarabeth
UK,,SARAFINA,Sarafina
UK,,SARGE,Sarge
UK,,SASHA,Sasha
UK,,SASQUATCH,Sasquatch
UK,,SASSAFRAS,Sassafras
UK,,SASSETTE,Sassette
UK,,SASSY,Sassy
UK,,SATAI,Satai
UK,,SATCHMO,Satchmo
UK,,SATHAN,Sathan
UK,,SATIN,Satin
UK,,SATURN,Saturn
UK,,SAUVAGE,Sauvage
UK,,SAVANNAH,Savannah
UK,,SCALY,Scaly
UK,,SCAMP,Scamp
UK,,SCAMPER,Scamper
UK,,SCAMPI,Scampi
UK,,SCARAMOUCHE,Scaramouche
UK,,SCARDY,Scardy
UK,,SCAREDY,Scaredy
UK,,SCARLETT,Scarlett
UK,,SCAT,Scat
UK,,SCHIZO,Schizo
UK,,SCHMOO,Schmoo
UK,,SCHNEE,Schnee
UK,,SCHNITZEL,Schnitzel
UK,,SCHNITZY,Schnitzy
UK,,SCHNOZ,Schnoz
UK,,SCHOONER,Schooner
UK,,SCHWARTZ,Schwartz
UK,,SCIPIO,Scipio
UK,,SCONE,Scone
UK,,SCOOP,Scoop
UK,,SCOOTER,Scooter
UK,,SCORPIO,Scorpio
UK,,SCOTCH,Scotch
UK,,SCOTT,Scott
UK,,SCOTTY,Scotty
UK,,SCOUT,Scout
UK,,SCRAPPY,Scrappy
UK,,SCRAPS,Scraps
UK,,SCREECH,Screech
UK,,SCROOBIOUS PIP,Scroobious Pip
UK,,SCROOGIE,Scroogie
UK,,SCULLY,Scully
UK,,SCYLLA,Scylla
UK,,SEABONE,Seabone
UK,,SEANNA,Seanna
UK,,SEBASTIAN,Sebastian
UK,,SEBBYS,Sebbys
UK,,SEF,Sef
UK,,SEKHMET,Sekhmet
UK,,SEKMET,Sekmet
UK,,SELENA,Selena
UK,,SELIMA,Selima
UK,,SELKIE,Selkie
UK,,SELTZER,Seltzer
UK,,SEMPER FIDELIS,Semper Fidelis
UK,,SENATOR,Senator
UK,,SEPHER,Sepher
UK,,SEPHIE,Sephie
UK,,SERENA,Serena
UK,,SERGEANT TIBS,Sergeant Tibs
UK,,SERSA,Sersa
UK,,SEURAT,Seurat
UK,,SEUSS,Seuss
UK,,SEVENS,Sevens
UK,,SEYMORE,Seymore
UK,,SHABBOTTEY,Shabbottey
UK,,SHADA,Shada
UK,,SHADES,Shades
UK,,SHADI,Shadi
UK,,SHADOW,Shadow
UK,,SHADOWFOOT,Shadowfoot
UK,,SHADY,Shady
UK,,SHAGGY,Shaggy
UK,,SHAH,Shah
UK,,SHAINA,Shaina
UK,,SHAKIRA,Shakira
UK,,SHALL,Shall
UK,,SHAM,Sham
UK,,SHAMAN,Shaman
UK,,SHAMY,Shamy
UK,,SHAN,Shan
UK,,SHANDY,Shandy
UK,,SHANNON,Shannon
UK,,SHARK,Shark
UK,,SHARKY,Sharky
UK,,SHASTA,Shasta
UK,,SHATZIE,Shatzie
UK,,SHAWNEE,Shawnee
UK,,SHAY,Shay
UK,,SHAYNA,Shayna
UK,,SHAYNIE,Shaynie
UK,,SHAZBOT,Shazbot
UK,,SHAZZAM,Shazzam
UK,,SHEBA,Sheba
UK,,SHEENA,Sheena
UK,,SHEERA,Sheera
UK,,SHELBY,Shelby
UK,,SHELLEY,Shelley
UK,,SHERBERT,Sherbert
UK,,SHERINGHAM,Sheringham
UK,,SHERLOCK,Sherlock
UK,,SHERRY,Sherry
UK,,SHILA,Shila
UK,,SHILOH,Shiloh
UK,,SHIMA,Shima
UK,,SHINE,Shine
UK,,SHIRAH,Shirah
UK,,SHIRAZ,Shiraz
UK,,SHIRIN,Shirin
UK,,SHIRLEY,Shirley
UK,,SHITAKII,Shitakii
UK,,SHMOO,Shmoo
UK,,SHNAPPLE,Shnapple
UK,,SHODA,Shoda
UK,,SHOOBBIE,Shoobbie
UK,,SHORTAIL,Shortail
UK,,SHORTY,Shorty
UK,,SHOTZIE,Shotzie
UK,,SHREDDER,Shredder
UK,,SHREDER,Shreder
UK,,SHREEN,Shreen
UK,,SHUANA,Shuana
UK,,SHYVIE,Shyvie
UK,,SIAM,Siam
UK,,SIBYL,Sibyl
UK,,SIDNEY,Sidney
UK,,SIEGFRIED,Siegfried
UK,,SIERRA,Sierra
UK,,SIFKA,Sifka
UK,,SIGMA,Sigma
UK,,SIGMUND,Sigmund
UK,,SIGURD,Sigurd
UK,,S'IL VOUS PLAIT,S'Il Vous Plait
UK,,SILK SOCK SAM,Silk Sock Sam
UK,,SILKEN,Silken
UK,,SILKERS,Silkers
UK,,SILVER,Silver
UK,,SILVIA,Silvia
UK,,SILVIE,Silvie
UK,,SIMBA,Simba
UK,,SIMBAD,Simbad
UK,,SIMEON,Simeon
UK,,SIMON,Simon
UK,,SIMONE,Simone
UK,,SINCLAIR,Sinclair
UK,,SINH,Sinh
UK,,SISTRUM,Sistrum
UK,,SISYPHUS,Sisyphus
UK,,SITTING BULL,Sitting Bull
UK,,SIZE FOUR,Size Four
UK,,SIZI,Sizi
UK,,SKANKY,Skanky
UK,,SKEET,Skeet
UK,,SKEETS,Skeets
UK,,SKINDLESHANKS,Skindleshanks
UK,,SKIPPY,Skippy
UK,,SKITTER,Skitter
UK,,SKITTLE,Skittle
UK,,SKOR,Skor
UK,,SKOSHY,Skoshy
UK,,SKUNK,Skunk
UK,,SKY,Sky
UK,,SKYLER,Skyler
UK,,SLALOM,Slalom
UK,,SLASH,Slash
UK,,SLATS,Slats
UK,,SLEEPY,Sleepy
UK,,SLICK,Slick
UK,,SLING,Sling
UK,,SLINKY,Slinky
UK,,SLIPPERS,Slippers
UK,,SLOOPY,Sloopy
UK,,SLUGGER,Slugger
UK,,SLUGGO,Sluggo
UK,,SLURP,Slurp
UK,,SMACK,Smack
UK,,SMACKERS,Smackers
UK,,SMARTY,Smarty
UK,,SMEDLY,Smedly
UK,,SMIDGET,Smidget
UK,,SMITHER,Smither
UK,,SMITTY,Smitty
UK,,SMOKEY,Smokey
UK,,SMOKIN'JOE,Smokin'Joe
UK,,SMOKY,Smoky
UK,,SMOOCHIE,Smoochie
UK,,SMUDGE,Smudge
UK,,SMURPH,Smurph
UK,,SNAGGLE,Snaggle
UK,,SNAGGLEPUSS,Snagglepuss
UK,,SNAKE,Snake
UK,,SNANNY,Snanny
UK,,SNAP,Snap
UK,,SNAPSHOT,Snapshot
UK,,SNARK,Snark
UK,,SNEAKY,Sneaky
UK,,SNOOGIE,Snoogie
UK,,SNOOKER,Snooker
UK,,SNOOPY,Snoopy
UK,,SNORKY,Snorky
UK,,SNOW,Snow
UK,,SNOW WHITE,Snow White
UK,,SNOWBALL,Snowball
UK,,SNOWCAP,Snowcap
UK,,SNOWCAT,Snowcat
UK,,SNOWDROP,Snowdrop
UK,,SNOWFLAKE,Snowflake
UK,,SNOWMAN,Snowman
UK,,SNOWSHOE,Snowshoe
UK,,SNOWSTORM,Snowstorm
UK,,SNOWSUIT,Snowsuit
UK,,SNOWY,Snowy
UK,,SNUFFY,Snuffy
UK,,SNUGGLES,Snuggles
UK,,SOBBY,Sobby
UK,,SOCRATES,Socrates
UK,,SODA,Soda
UK,,SOLO,Solo
UK,,SOMMELIER,Sommelier
UK,,SONJA,Sonja
UK,,SONNY,Sonny
UK,,SOOTI,Sooti
UK,,SOOTY,Sooty
UK,,SOOTY AND SWEEP,Sooty And Sweep
UK,,SOPHIA,Sophia
UK,,SORAN,Soran
UK,,SORAYA,Soraya
UK,,SORREL,Sorrel
UK,,SOUKI,Souki
UK,,SOXY,Soxy
UK,,SPACEY,Spacey
UK,,SPADES,Spades
UK,,SPANKY,Spanky
UK,,SPARECAT,Sparecat
UK,,SPARKEY,Sparkey
UK,,SPARKPLUG,Sparkplug
UK,,SPARTACUS,Spartacus
UK,,SPATS,Spats
UK,,SPAZ,Spaz
UK,,SPECK,Speck
UK,,SPECS,Specs
UK,,SPEED,Speed
UK,,SPEEDY,Speedy
UK,,SPHINX,Sphinx
UK,,SPICECAKE,Spicecake
UK,,SPICY,Spicy
UK,,SPIDER,Spider
UK,,SPIGGY,Spiggy
UK,,SPIKE,Spike
UK,,SPIRIT,Spirit
UK,,SPITFIRE,Spitfire
UK,,SPLIFF,Spliff
UK,,SPOCK,Spock
UK,,SPOKANE,Spokane
UK,,SPOOKIE,Spookie
UK,,SPOOSTER,Spooster
UK,,SPORT,Sport
UK,,SPOT,Spot
UK,,SPOTTY,Spotty
UK,,SPOTZILLA,Spotzilla
UK,,SPRING,Spring
UK,,SPRINGTALE,Springtale
UK,,SPRITE,Sprite
UK,,SPUD,Spud
UK,,SPUNKIE,Spunkie
UK,,SPUTNIK,Sputnik
UK,,SQUEAKER,Squeaker
UK,,SQUEAKY,Squeaky
UK,,SQUISHY,Squishy
UK,,STACHE,Stache
UK,,STANLEY,Stanley
UK,,STAR,Star
UK,,STARBUCK,Starbuck
UK,,STARLA,Starla
UK,,STELLA,Stella
UK,,STEPHEN,Stephen
UK,,STEVERS,Stevers
UK,,STEVIE,Stevie
UK,,STICKS,Sticks
UK,,STILTCAT,Stiltcat
UK,,STILTS,Stilts
UK,,STITCH,Stitch
UK,,STITCHES,Stitches
UK,,STONES,Stones
UK,,STORMEE,Stormee
UK,,STORMY,Stormy
UK,,STRIKE,Strike
UK,,STRIPER,Striper
UK,,STROKER,Stroker
UK,,STUBBY,Stubby
UK,,STUDLEY,Studley
UK,,STUMPY,Stumpy
UK,,STYMIE,Stymie
UK,,SUBWAY,Subway
UK,,SUGAR,Sugar
UK,,SUGARPUSS,Sugarpuss
UK,,SUKI,Suki
UK,,SULAYMAN,Sulayman
UK,,SULLIVAN,Sullivan
UK,,SULTAN,Sultan
UK,,SUMATRA,Sumatra
UK,,SUMMER,Summer
UK,,SUNDAE,Sundae
UK,,SUNDANCE,Sundance
UK,,SUNDAY,Sunday
UK,,SUNNI,Sunni
UK,,SUNNY,Sunny
UK,,SUNSET,Sunset
UK,,SUNSHINE,Sunshine
UK,,SURVIVOR,Survivor
UK,,SUSHI,Sushi
UK,,SUSS,Suss
UK,,SUSURRO,Susurro
UK,,SWEENY,Sweeny
UK,,SWEEP,Sweep
UK,,SWEETHARD,Sweethard
UK,,SWEETIE,Sweetie
UK,,SWEETPEA,Sweetpea
UK,,SWOOZIE,Swoozie
UK,,SYBIL,Sybil
UK,,SYDNEY,Sydney
UK,,SYLVESTER,Sylvester
UK,,SYMBA,Symba
UK,,SYMPHONY,Symphony
UK,,TABAKITTY,Tabakitty
UK,,TABASCO,Tabasco
UK,,TABATHA,Tabatha
UK,,TABBY,Tabby
UK,,TABIAN,Tabian
UK,,TABITHA,Tabitha
UK,,TABITHA TWITCHET,Tabitha Twitchet
UK,,TABOO,Taboo
UK,,TABU,Tabu
UK,,TAC,Tac
UK,,TACKY,Tacky
UK,,TADD,Tadd
UK,,TAFFY,Taffy
UK,,TAILCHASER,Tailchaser
UK,,TAKA,Taka
UK,,TAKI,Taki
UK,,TALARA,Talara
UK,,TALIA,Talia
UK,,T'ANG,T'Ang
UK,,TANGELO,Tangelo
UK,,TANGERINE,Tangerine
UK,,TANGO,Tango
UK,,TANJA,Tanja
UK,,TANNER,Tanner
UK,,TANUKI,Tanuki
UK,,TAPIOCA,Tapioca
UK,,TAPPY,Tappy
UK,,TAROT,Tarot
UK,,TARZAN,Tarzan
UK,,TASH,Tash
UK,,TASHA,Tasha
UK,,TATER,Tater
UK,,TATIANA,Tatiana
UK,,TATOO,Tatoo
UK,,TATTERS,Tatters
UK,,TAURUS,Taurus
UK,,TAYLOR,Taylor
UK,,TAZ,Taz
UK,,TAZZIE,Tazzie
UK,,TEABONE,Teabone
UK,,TEACUP,Teacup
UK,,TEASER,Teaser
UK,,TEAZLE,Teazle
UK,,TECUMSEH,Tecumseh
UK,,TEENY,Teeny
UK,,TEGAN,Tegan
UK,,TEGOO,Tegoo
UK,,TELSTAR,Telstar
UK,,TEMPEST,Tempest
UK,,TEMPUS,Tempus
UK,,TEN,Ten
UK,,TEQUILA,Tequila
UK,,TERMINATOR,Terminator
UK,,TERPSICHORE,Terpsichore
UK,,TESS,Tess
UK,,TESSIE,Tessie
UK,,TEUFEL,Teufel
UK,,TEVA,Teva
UK,,TEX,Tex
UK,,THADEUS,Thadeus
UK,,THALIA,Thalia
UK,,THATCHER,Thatcher
UK,,THIA,Thia
UK,,THOMASINA,Thomasina
UK,,THOR,Thor
UK,,THORIN,Thorin
UK,,THUMBALEENA,Thumbaleena
UK,,THUMBS,Thumbs
UK,,THUNDER,Thunder
UK,,THUNDERTOES,Thundertoes
UK,,TIANI,Tiani
UK,,TIBBY,Tibby
UK,,TIBERIUS,Tiberius
UK,,TIBERT,Tibert
UK,,TIC TAC,Tic Tac
UK,,TICKER,Ticker
UK,,TICKETS,Tickets
UK,,TICKTOCK,Ticktock
UK,,TIDDLES,Tiddles
UK,,TIFFANY,Tiffany
UK,,TIGER,Tiger
UK,,TIGGERBUTT,Tiggerbutt
UK,,TIGGY,Tiggy
UK,,TIJA,Tija
UK,,TILDA,Tilda
UK,,TILDY,Tildy
UK,,TIMBER,Timber
UK,,TIMEX,Timex
UK,,TINKERBELL,Tinkerbell
UK,,TIPPY,Tippy
UK,,TIPTOES,Tiptoes
UK,,TIRAMISU,Tiramisu
UK,,TIRGILLO,Tirgillo
UK,,TISH,Tish
UK,,TISHA,Tisha
UK,,TITAN,Titan
UK,,TITANIA,Titania
UK,,TITANIC,Titanic
UK,,TITTLE,Tittle
UK,,TIVALY,Tivaly
UK,,TIVVY,Tivvy
UK,,TNOOKY,Tnooky
UK,,TOBIAS,Tobias
UK,,TOBLERONE,Toblerone
UK,,TOBYCAT,Tobycat
UK,,TODDLES,Toddles
UK,,TOFF,Toff
UK,,TOFFEE,Toffee
UK,,TOKYO,Tokyo
UK,,TOLSTOY,Tolstoy
UK,,TOM,Tom
UK,,TOM QUARTZ,Tom Quartz
UK,,TOM THUMB,Tom Thumb
UK,,TOMAHAWK,Tomahawk
UK,,TOMCAT,Tomcat
UK,,TONKA,Tonka
UK,,TONTO,Tonto
UK,,TONY,Tony
UK,,TONYA,Tonya
UK,,TOOD,Tood
UK,,TOODY,Toody
UK,,TOOKEY,Tookey
UK,,TOOKIE,Tookie
UK,,TOONIES,Toonies
UK,,TOOTS,Toots
UK,,TOOTSIE,Tootsie
UK,,TOP,Top
UK,,TOP CAT,Top Cat
UK,,TOPAZ,Topaz
UK,,TOPPER,Topper
UK,,TORQUIL,Torquil
UK,,TORTELINI,Tortelini
UK,,TORTIE,Tortie
UK,,TORTILLA,Tortilla
UK,,TOSCA,Tosca
UK,,TOSCANINI,Toscanini
UK,,TOUFON,Toufon
UK,,TOUKIE,Toukie
UK,,TOULOUSE,Toulouse
UK,,TOWSER,Towser
UK,,TRACEY,Tracey
UK,,TRAP,Trap
UK,,TRAPPY,Trappy
UK,,TREAT,Treat
UK,,TREMOR,Tremor
UK,,TREVOR,Trevor
UK,,T-REX,T-Rex
UK,,TRICIA,Tricia
UK,,TRICKY,Tricky
UK,,TRINA,Trina
UK,,TRINITY,Trinity
UK,,TRIS,Tris
UK,,TRISTAN,Tristan
UK,,TRIXIE,Trixie
UK,,TROPICANA,Tropicana
UK,,TROUBLE,Trouble
UK,,TROYTRUFFLE,Troytruffle
UK,,TSUKI,Tsuki
UK,,TUBBS,Tubbs
UK,,TUCKER,Tucker
UK,,TUDOR,Tudor
UK,,TUMMY,Tummy
UK,,TUPPENCE,Tuppence
UK,,TURBO,Turbo
UK,,TURKS,Turks
UK,,TUT,Tut
UK,,TUTANKHAMEN,Tutankhamen
UK,,TUTTI FRUTTI,Tutti Frutti
UK,,TUUM,Tuum
UK,,TUX,Tux
UK,,TUXIE,Tuxie
UK,,TWAIN,Twain
UK,,TWEEDLEDEE,Tweedledee
UK,,TWEEDLEDUM,Tweedledum
UK,,TWEEDS,Tweeds
UK,,TWIGGY,Twiggy
UK,,TWINKIE,Twinkie
UK,,TWISTER,Twister
UK,,TWITCHER,Twitcher
UK,,TYBALT,Tybalt
UK,,TYLER,Tyler
UK,,TYPHOON,Typhoon
UK,,UDO,Udo
UK,,UFO,Ufo
UK,,ULANOVA,Ulanova
UK,,ULYSSES,Ulysses
UK,,UMA,Uma
UK,,UNAGI,Unagi
UK,,UNCLE SAM,Uncle Sam
UK,,URANUS,Uranus
UK,,URIEL,Uriel
UK,,URSA,Ursa
UK,,URSULA,Ursula
UK,,USHKI,Ushki
UK,,UTOPIA,Utopia
UK,,VALENTINE,Valentine
UK,,VALENTINO,Valentino
UK,,VALIUM,Valium
UK,,VALKY,Valky
UK,,VALMONT,Valmont
UK,,VAN GOGH,Van Gogh
UK,,VANILLA,Vanilla
UK,,VARUNA,Varuna
UK,,VEERA,Veera
UK,,VEGAS,Vegas
UK,,VELMA,Velma
UK,,VELVET,Velvet
UK,,VENEZIA,Venezia
UK,,VENI,Veni
UK,,VENUS,Venus
UK,,VERBOTEN,Verboten
UK,,VERONICA,Veronica
UK,,VERUSHKA,Verushka
UK,,VESUVIUS,Vesuvius
UK,,VIDALIA,Vidalia
UK,,VINCENT,Vincent
UK,,VIOLA,Viola
UK,,VIOLET,Violet
UK,,VIRGIL,Virgil
UK,,VIVALDI,Vivaldi
UK,,VLAD,Vlad
UK,,VLADIMIR,Vladimir
UK,,VOGUE,Vogue
UK,,VOLTAIRE,Voltaire
UK,,VOODOO,Voodoo
UK,,VORPAL,Vorpal
UK,,WABBLY,Wabbly
UK,,WACKYBOO,Wackyboo
UK,,WAFFLE,Waffle
UK,,WAITER,Waiter
UK,,WALDEN,Walden
UK,,WALDO,Waldo
UK,,WALLENDA,Wallenda
UK,,WALLIS,Wallis
UK,,WALLY,Wally
UK,,WALNUT,Walnut
UK,,WALTER,Walter
UK,,WALTER MITTY,Walter Mitty
UK,,WAMPUM,Wampum
UK,,WANDA,Wanda
UK,,WARLOCK,Warlock
UK,,WASHINGTON,Washington
UK,,WATSON,Watson
UK,,WAYNE,Wayne
UK,,WEARIE WILLY,Wearie Willy
UK,,WEASEL,Weasel
UK,,WEBSTER,Webster
UK,,WEE WILLY,Wee Willy
UK,,WEEZA,Weeza
UK,,WELLIES,Wellies
UK,,WELLINGTON,Wellington
UK,,WENDELL,Wendell
UK,,WENDY,Wendy
UK,,WESLEY,Wesley
UK,,WHATEVER,Whatever
UK,,WHEELS,Wheels
UK,,WHIMSEY,Whimsey
UK,,WHINNY,Whinny
UK,,WHISKERS,Whiskers
UK,,WHISKY,Whisky
UK,,WHISPER,Whisper
UK,,WHISPURR,Whispurr
UK,,WHIT,Whit
UK,,WHITE HEATHER,White Heather
UK,,WHITEY,Whitey
UK,,WHITNEY,Whitney
UK,,WHIZZER,Whizzer
UK,,WICCA,Wicca
UK,,WICKET,Wicket
UK,,WIDJET,Widjet
UK,,WIGGY,Wiggy
UK,,WIGWAM,Wigwam
UK,,WILBERFORCE,Wilberforce
UK,,WILBUR,Wilbur
UK,,WILD BILL,Wild Bill
UK,,WILDFIRE,Wildfire
UK,,WILEY,Wiley
UK,,WILFRED,Wilfred
UK,,WILHELMINA,Wilhelmina
UK,,WILKIE,Wilkie
UK,,WILL,Will
UK,,WILLA,Willa
UK,,WILLIAM,William
UK,,WILLOW,Willow
UK,,WILMA,Wilma
UK,,WILT THE STILT,Wilt The Stilt
UK,,WIMPY,Wimpy
UK,,WINDY,Windy
UK,,WINGS,Wings
UK,,WINIFRED,Winifred
UK,,WINKY DINK,Winky Dink
UK,,WINNIE,Winnie
UK,,WINSTON,Winston
UK,,WIPEOUT,Wipeout
UK,,WISKERS,Wiskers
UK,,WIZARD,Wizard
UK,,WOLFER,Wolfer
UK,,WOLLENSKY,Wollensky
UK,,WONTON,Wonton
UK,,WOODBINE,Woodbine
UK,,WOODSTOCK,Woodstock
UK,,WOODY,Woody
UK,,WOOKIE,Wookie
UK,,WOOLEY,Wooley
UK,,WOOSHIE,Wooshie
UK,,WRANGLER,Wrangler
UK,,WRIGGLE,Wriggle
UK,,WUMPS,Wumps
UK,,WUZZIE,Wuzzie
UK,,WUZZLE,Wuzzle
UK,,WYLA,Wyla
UK,,WYNKEN,Wynken
UK,,XANADU,Xanadu
UK,,XANTHUS,Xanthus
UK,,XAVIER,Xavier
UK,,XENA,Xena
UK,,XEROX,Xerox
UK,,XERXES,Xerxes
UK,,YALE,Yale
UK,,YAM,Yam
UK,,YANG,Yang
UK,,YANKEE,Yankee
UK,,YASHI,Yashi
UK,,YAYA,Yaya
UK,,YENTA,Yenta
UK,,YETI,Yeti
UK,,YING,Ying
UK,,YITZAK,Yitzak
UK,,YODA,Yoda
UK,,YOGI,Yogi
UK,,YOKO,Yoko
UK,,YORIIE,Yoriie
UK,,YOSHI,Yoshi
UK,,YOUTOO,Youtoo
UK,,YOWLER,Yowler
UK,,YUKI,Yuki
UK,,YUKON,Yukon
UK,,YUM YUM,Yum Yum
UK,,YUPPY,Yuppy
UK,,YURI,Yuri
UK,,YVETTE,Yvette
UK,,ZABBIE,Zabbie
UK,,ZACH,Zach
UK,,ZACHARIA,Zacharia
UK,,ZACHARY,Zachary
UK,,ZACHIE,Zachie
UK,,ZADOC,Zadoc
UK,,ZAK,Zak
UK,,ZANIE,Zanie
UK,,ZASU,Zasu
UK,,ZAZOU,Zazou
UK,,ZED,Zed
UK,,ZEEMA,Zeema
UK,,ZEEZEE,Zeezee
UK,,ZELDA,Zelda
UK,,ZEMWALD,Zemwald
UK,,ZENA,Zena
UK,,ZEPHYR,Zephyr
UK,,ZEPPO,Zeppo
UK,,ZERO,Zero
UK,,ZEUS,Zeus
UK,,ZIGGY,Ziggy
UK,,ZINGARO,Zingaro
UK,,ZIP,Zip
UK,,ZIPES,Zipes
UK,,ZIPPY,Zippy
UK,,ZNOOBER,Znoober
UK,,ZODIAC,Zodiac
UK,,ZOE,Zoe
UK,,ZOIE,Zoie
UK,,ZOLA,Zola
UK,,ZONKER,Zonker
UK,,ZOOEY,Zooey
UK,,ZOOIE,Zooie
UK,,ZORAIDA,Zoraida
UK,,ZORRO,Zorro
UK,,ZULEIKA,Zuleika
UK,,ZUMMO,Zummo
UK,,ZZZ,Zzz
Japan,日本,クロ,Kuro
Japan,日本,ハナ,Hana
Japan,日本,モモ,Momo
Japan,日本,ソラ,Sora
Japan,日本,タマ,Tama
Japan,日本,チビ,Chibi
Japan,日本,シロ,Shiro
Japan,日本,ミー,Mii
Japan,日本,マル,Maru
Japan,日本,ミケ,Mike
Japan,日本,ナナ,Nana
Japan,日本,リン,Rin
Japan,日本,ユズ,Yuzu
Japan,日本,レオ,Reo
Japan,日本,サクラ,Sakura
Japan,日本,アズキ,Azuki
Japan,日本,フク,Fuku
Japan,日本,ミルク,Miruku
Japan,日本,ハル,Haru
Japan,日本,モカ,Moka
Japan,日本,カイ,Kai
Japan,日本,ラム,Ramu
Japan,日本,クウ,Kuu
Japan,日本,ジジ,Jiji
Japan,日本,チャチャ,Chacha
Japan,日本,トラ,Tora
Japan,日本,ウニ,Uni
Japan,日本,チロ,Chiro
Japan,日本,ミント,Minto
Japan,日本,ムギ,Mugi
Japan,日本,あずき,Azuki
Japan,日本,うに,Uni
Japan,日本,おくら,Okura
Japan,日本,おもち,Omochi
Japan,日本,かい,Kai
Japan,日本,きなこ,Kinako
Japan,日本,ぎんじ,Ginzi
Japan,日本,くう,Ku
Japan,日本,くろ,Kuro
Japan,日本,ここ,Koko
Japan,日本,こたろう,Kotaro
Japan,日本,こてつ,Kotetsu
Japan,日本,さくら,Sakura
Japan,日本,じじ,Zizi
Japan,日本,ししまる,Shishimaru
Japan,日本,しろ,Shiro
Japan,日本,すず,Suzu
Japan,日本,すもも,Sumomo
Japan,日本,そら,Sora
Japan,日本,たいが,Taiga
Japan,日本,たま,Tama
Japan,日本,ちび,Chibi
Japan,日本,ちゃちゃ,Cyacya
Japan,日本,ちろ,Chiro
Japan,日本,とら,Tora
Japan,日本,なな,Nana
Japan,日本,にゃあ,Mya
Japan,日本,にゃんちゅう,Nyanchu
Japan,日本,はな,Hana
Japan,日本,はなび,Hanabi
Japan,日本,はる,Haru
Japan,日本,ふく,Fuku
Japan,日本,ぽこ,Poko
Japan,日本,まる,Maru
Japan,日本,まろ,Maro
Japan,日本,まろん,Maron
Japan,日本,みー,Mii
Japan,日本,みーこ,Miko
Japan,日本,みけ,Mike
Japan,日本,みんと,Minto
Japan,日本,むぎ,Mugi
Japan,日本,めい,Mei
Japan,日本,もか,Moka
Japan,日本,もも,Momo
Japan,日本,ゆず,Yuzu
Japan,日本,らむ,Ramu
Japan,日本,らん,Ran
Japan,日本,りん,Rin
Japan,日本,ろびん,Robin
Japan,日本,わさび,Wasabi
Thailand,ภาษาไทย,กะทิ,
Thailand,ภาษาไทย,กะปิ,
Thailand,ภาษาไทย,กระถิน,
Thailand,ภาษาไทย,เก๊กฮวย,
Thailand,ภาษาไทย,ก๋วยจั๊บ,
Thailand,ภาษาไทย,ก๋วยเตี๋ยว,
Thailand,ภาษาไทย,กุยช่าย,
Thailand,ภาษาไทย,กะเพรา,
Thailand,ภาษาไทย,ข้าวสวย,
Thailand,ภาษาไทย,ข้าวต้ม,
Thailand,ภาษาไทย,ข้าวเหนียว,
Thailand,ภาษาไทย,ข้าวหอม,
Thailand,ภาษาไทย,ข้าวจี่,
Thailand,ภาษาไทย,ข้าวปุ้น,
Thailand,ภาษาไทย,ข้าวปั้น,
Thailand,ภาษาไทย,ข้าวตัง,
Thailand,ภาษาไทย,ไข่ตุ๋น,
Thailand,ภาษาไทย,ไข่แดง,
Thailand,ภาษาไทย,ไข่นุ้ย,
Thailand,ภาษาไทย,ไข่มุก,
Thailand,ภาษาไทย,ไข่พะโล้,
Thailand,ภาษาไทย,ไข่เจียว,
Thailand,ภาษาไทย,ไข่ต้ม,
Thailand,ภาษาไทย,ไข่ดาว,
Thailand,ภาษาไทย,เขี้ยวกุด,
Thailand,ภาษาไทย,เฉาก๊วย,
Thailand,ภาษาไทย,โชคดี,
Thailand,ภาษาไทย,ชาเย็น,
Thailand,ภาษาไทย,โชกุน,
Thailand,ภาษาไทย,ชาเย็น,
Thailand,ภาษาไทย,ชบา,
Thailand,ภาษาไทย,เต้าหู้,
Thailand,ภาษาไทย,เต้าฮวย,
Thailand,ภาษาไทย,เต้าเจี้ยว,
Thailand,ภาษาไทย,ถุงทอง,
Thailand,ภาษาไทย,ถุงเงิน,
Thailand,ภาษาไทย,ถังทอง,
Thailand,ภาษาไทย,ทองหยิบ,
Thailand,ภาษาไทย,ทองหยอด,
Thailand,ภาษาไทย,ทองเอก,
Thailand,ภาษาไทย,ทองแต้ม,
Thailand,ภาษาไทย,ทองมี,
Thailand,ภาษาไทย,ทองสุข,
Thailand,ภาษาไทย,นำโชค,
Thailand,ภาษาไทย,ปุยฝ้าย,
Thailand,ภาษาไทย,เปียกปูน,
Thailand,ภาษาไทย,ฝอยทอง,
Thailand,ภาษาไทย,เพชร,
Thailand,ภาษาไทย,พลอย,
Thailand,ภาษาไทย,มีตังค์,
Thailand,ภาษาไทย,มะเฟือง,
Thailand,ภาษาไทย,มะกรูด,
Thailand,ภาษาไทย,มะตูม,
Thailand,ภาษาไทย,มะลิ,
Thailand,ภาษาไทย,มะนาว,
Thailand,ภาษาไทย,มะยม,
Thailand,ภาษาไทย,มารวย,
Thailand,ภาษาไทย,ไมโล,
Thailand,ภาษาไทย,ร่ำรวย,
Thailand,ภาษาไทย,ลูกจันทร์,
Thailand,ภาษาไทย,ลูกพี่,
Thailand,ภาษาไทย,ลาเต้,
Thailand,ภาษาไทย,ลูกชุบ,
Thailand,ภาษาไทย,ส้มฉุน,
Thailand,ภาษาไทย,สามสี,
Thailand,ภาษาไทย,สีหมอก,
Thailand,ภาษาไทย,สีนวล,
Thailand,ภาษาไทย,สีสวาท,
Thailand,ภาษาไทย,สำลี,
Thailand,ภาษาไทย,หมูหยอง,
Thailand,ภาษาไทย,หมูปิ้ง,
Thailand,ภาษาไทย,หมูหวาน,
Thailand,ภาษาไทย,หมูตุ๋น,
Thailand,ภาษาไทย,หมอนทอง,
Thailand,ภาษาไทย,โอเลี้ยง,
Thailand,ภาษาไทย,เฮงเฮง,